orig_row,true_items,true_item_names,predicted_items,predicted_item_names,topk_predictions,topk_predictions_names,destination,season,weather
696,1;3;63;69,Medications;Guidebook / downloaded maps;Quick-dry pants / shorts;Headlamp / flashlight,69;72,Headlamp / flashlight;Bug spray / insect repellent,69:0.542;72:0.539;63:0.455;1:0.317;8:0.295;3:0.289;4:0.287;2:0.281;10:0.267;9:0.257,Headlamp / flashlight:0.542;Bug spray / insect repellent:0.539;Quick-dry pants / shorts:0.455;Medications:0.317;Umbrella:0.295;Guidebook / downloaded maps:0.289;Notebook + pen:0.287;Travel pillow:0.281;Travel pillow:0.267;Rain jacket:0.257,Grand Canyon,Winter,Sunny
667,2;5;10;63;69,Travel pillow;Reusable shopping bag;Travel pillow;Quick-dry pants / shorts;Headlamp / flashlight,63;69;72,Quick-dry pants / shorts;Headlamp / flashlight;Bug spray / insect repellent,63:0.648;69:0.605;72:0.603;10:0.338;2:0.328;9:0.309;8:0.295;1:0.253;5:0.236;3:0.195,Quick-dry pants / shorts:0.648;Headlamp / flashlight:0.605;Bug spray / insect repellent:0.603;Travel pillow:0.338;Travel pillow:0.328;Rain jacket:0.309;Umbrella:0.295;Medications:0.253;Reusable shopping bag:0.236;Guidebook / downloaded maps:0.195,Grand Canyon,Spring,Cold
63,2;4;10;69;72,Travel pillow;Notebook + pen;Travel pillow;Headlamp / flashlight;Bug spray / insect repellent,63;69;72,Quick-dry pants / shorts;Headlamp / flashlight;Bug spray / insect repellent,72:0.697;63:0.616;69:0.555;1:0.366;4:0.340;9:0.331;3:0.301;10:0.239;2:0.231;5:0.227,Bug spray / insect repellent:0.697;Quick-dry pants / shorts:0.616;Headlamp / flashlight:0.555;Medications:0.366;Notebook + pen:0.340;Rain jacket:0.331;Guidebook / downloaded maps:0.301;Travel pillow:0.239;Travel pillow:0.231;Reusable shopping bag:0.227,Yosemite,Fall,Humid
533,2;3;5;6;10,Travel pillow;Guidebook / downloaded maps;Reusable shopping bag;Snacks for transit;Travel pillow,2;6;9;10,Travel pillow;Snacks for transit;Rain jacket;Travel pillow,9:0.688;10:0.589;2:0.578;6:0.549;8:0.489;1:0.483;4:0.450;5:0.436;3:0.408;63:0.014,Rain jacket:0.688;Travel pillow:0.589;Travel pillow:0.578;Snacks for transit:0.549;Umbrella:0.489;Medications:0.483;Notebook + pen:0.450;Reusable shopping bag:0.436;Guidebook / downloaded maps:0.408;Quick-dry pants / shorts:0.014,New York City,Summer,Sunny
66,3;5;80;82;88,Guidebook / downloaded maps;Reusable shopping bag;Thermal base layers (top & bottom);Ski gloves / mittens;Snow boots,80;87;88,Thermal base layers (top & bottom);Beanie / winter hat;Snow boots,88:0.611;87:0.557;80:0.553;78:0.488;82:0.435;1:0.391;4:0.334;8:0.318;5:0.244;2:0.239,Snow boots:0.611;Beanie / winter hat:0.557;Thermal base layers (top & bottom):0.553;Ski jacket:0.488;Ski gloves / mittens:0.435;Medications:0.391;Notebook + pen:0.334;Umbrella:0.318;Reusable shopping bag:0.244;Travel pillow:0.239,Lake Tahoe,Winter,Cold
621,1;5;8,Medications;Reusable shopping bag;Umbrella,1;2;5;6;9;10,Medications;Travel pillow;Reusable shopping bag;Snacks for transit;Rain jacket;Travel pillow,1:0.644;9:0.560;10:0.537;5:0.519;6:0.515;2:0.505;3:0.482;8:0.436;4:0.411;69:0.023,Medications:0.644;Rain jacket:0.560;Travel pillow:0.537;Reusable shopping bag:0.519;Snacks for transit:0.515;Travel pillow:0.505;Guidebook / downloaded maps:0.482;Umbrella:0.436;Notebook + pen:0.411;Headlamp / flashlight:0.023,Chicago,Spring,Mild
346,5;6;78;80;87,Reusable shopping bag;Snacks for transit;Ski jacket;Thermal base layers (top & bottom);Beanie / winter hat,78;80;87;88,Ski jacket;Thermal base layers (top & bottom);Beanie / winter hat;Snow boots,80:0.750;88:0.723;87:0.722;78:0.598;82:0.436;8:0.377;4:0.364;1:0.307;9:0.272;3:0.226,Thermal base layers (top & bottom):0.750;Snow boots:0.723;Beanie / winter hat:0.722;Ski jacket:0.598;Ski gloves / mittens:0.436;Umbrella:0.377;Notebook + pen:0.364;Medications:0.307;Rain jacket:0.272;Guidebook / downloaded maps:0.226,Aspen,Summer,Rainy
490,2;5;10;63,Travel pillow;Reusable shopping bag;Travel pillow;Quick-dry pants / shorts,63;69;72,Quick-dry pants / shorts;Headlamp / flashlight;Bug spray / insect repellent,72:0.571;69:0.533;63:0.511;1:0.376;9:0.284;3:0.278;8:0.275;5:0.244;2:0.228;6:0.218,Bug spray / insect repellent:0.571;Headlamp / flashlight:0.533;Quick-dry pants / shorts:0.511;Medications:0.376;Rain jacket:0.284;Guidebook / downloaded maps:0.278;Umbrella:0.275;Reusable shopping bag:0.244;Travel pillow:0.228;Snacks for transit:0.218,Grand Canyon,Winter,Humid
760,6;8;69,Snacks for transit;Umbrella;Headlamp / flashlight,63;72,Quick-dry pants / shorts;Bug spray / insect repellent,63:0.636;72:0.598;69:0.397;9:0.388;4:0.334;3:0.293;10:0.289;2:0.267;6:0.254;1:0.219,Quick-dry pants / shorts:0.636;Bug spray / insect repellent:0.598;Headlamp / flashlight:0.397;Rain jacket:0.388;Notebook + pen:0.334;Guidebook / downloaded maps:0.293;Travel pillow:0.289;Travel pillow:0.267;Snacks for transit:0.254;Medications:0.219,Yellowstone,Spring,Rainy
456,1;5;46;47;48,Medications;Reusable shopping bag;Flip-flops;Beach towel;Sunglasses,46;47;48;49,Flip-flops;Beach towel;Sunglasses;Sunscreen,48:0.669;46:0.610;49:0.551;47:0.541;45:0.479;6:0.339;10:0.338;2:0.335;9:0.320;5:0.263,Sunglasses:0.669;Flip-flops:0.610;Sunscreen:0.551;Beach towel:0.541;Swimsuits:0.479;Snacks for transit:0.339;Travel pillow:0.338;Travel pillow:0.335;Rain jacket:0.320;Reusable shopping bag:0.263,Orlando,Winter,Cold
65,1;4;5;6;9,Medications;Notebook + pen;Reusable shopping bag;Snacks for transit;Rain jacket,1;3;4;6;9;10,Medications;Guidebook / downloaded maps;Notebook + pen;Snacks for transit;Rain jacket;Travel pillow,9:0.693;4:0.666;3:0.665;6:0.605;1:0.593;10:0.516;2:0.490;8:0.487;5:0.356;49:0.011,Rain jacket:0.693;Notebook + pen:0.666;Guidebook / downloaded maps:0.665;Snacks for transit:0.605;Medications:0.593;Travel pillow:0.516;Travel pillow:0.490;Umbrella:0.487;Reusable shopping bag:0.356;Sunscreen:0.011,Chicago,Winter,Rainy
286,1;8;63;72,Medications;Umbrella;Quick-dry pants / shorts;Bug spray / insect repellent,63;69;72,Quick-dry pants / shorts;Headlamp / flashlight;Bug spray / insect repellent,72:0.708;69:0.532;63:0.522;4:0.404;9:0.390;1:0.287;3:0.261;6:0.250;8:0.226;5:0.218,Bug spray / insect repellent:0.708;Headlamp / flashlight:0.532;Quick-dry pants / shorts:0.522;Notebook + pen:0.404;Rain jacket:0.390;Medications:0.287;Guidebook / downloaded maps:0.261;Snacks for transit:0.250;Umbrella:0.226;Reusable shopping bag:0.218,Yosemite,Fall,Cold
635,5;9;69,Reusable shopping bag;Rain jacket;Headlamp / flashlight,63;72,Quick-dry pants / shorts;Bug spray / insect repellent,63:0.672;72:0.591;69:0.495;9:0.334;3:0.307;1:0.291;6:0.278;10:0.250;8:0.248;2:0.247,Quick-dry pants / shorts:0.672;Bug spray / insect repellent:0.591;Headlamp / flashlight:0.495;Rain jacket:0.334;Guidebook / downloaded maps:0.307;Medications:0.291;Snacks for transit:0.278;Travel pillow:0.250;Umbrella:0.248;Travel pillow:0.247,Grand Canyon,Winter,Humid
67,1;5;63;72,Medications;Reusable shopping bag;Quick-dry pants / shorts;Bug spray / insect repellent,63;69;72,Quick-dry pants / shorts;Headlamp / flashlight;Bug spray / insect repellent,72:0.575;69:0.562;63:0.529;4:0.403;1:0.375;9:0.317;3:0.273;10:0.231;8:0.231;2:0.222,Bug spray / insect repellent:0.575;Headlamp / flashlight:0.562;Quick-dry pants / shorts:0.529;Notebook + pen:0.403;Medications:0.375;Rain jacket:0.317;Guidebook / downloaded maps:0.273;Travel pillow:0.231;Umbrella:0.231;Travel pillow:0.222,Yosemite,Winter,Sunny
327,3;5;69,Guidebook / downloaded maps;Reusable shopping bag;Headlamp / flashlight,72,Bug spray / insect repellent,72:0.642;63:0.431;69:0.412;9:0.367;3:0.359;4:0.322;6:0.314;1:0.286;8:0.277;2:0.216,Bug spray / insect repellent:0.642;Quick-dry pants / shorts:0.431;Headlamp / flashlight:0.412;Rain jacket:0.367;Guidebook / downloaded maps:0.359;Notebook + pen:0.322;Snacks for transit:0.314;Medications:0.286;Umbrella:0.277;Travel pillow:0.216,Yosemite,Winter,Cold
395,1;4;45;48;49,Medications;Notebook + pen;Swimsuits;Sunglasses;Sunscreen,45;47;48;49,Swimsuits;Beach towel;Sunglasses;Sunscreen,49:0.688;45:0.614;48:0.605;47:0.561;46:0.462;3:0.415;4:0.386;1:0.328;10:0.305;9:0.301,Sunscreen:0.688;Swimsuits:0.614;Sunglasses:0.605;Beach towel:0.561;Flip-flops:0.462;Guidebook / downloaded maps:0.415;Notebook + pen:0.386;Medications:0.328;Travel pillow:0.305;Rain jacket:0.301,Miami,Winter,Rainy
244,1;4;63;72,Medications;Notebook + pen;Quick-dry pants / shorts;Bug spray / insect repellent,69;72,Headlamp / flashlight;Bug spray / insect repellent,72:0.659;69:0.602;63:0.473;1:0.310;5:0.301;10:0.284;3:0.280;2:0.278;4:0.244;9:0.218,Bug spray / insect repellent:0.659;Headlamp / flashlight:0.602;Quick-dry pants / shorts:0.473;Medications:0.310;Reusable shopping bag:0.301;Travel pillow:0.284;Guidebook / downloaded maps:0.280;Travel pillow:0.278;Notebook + pen:0.244;Rain jacket:0.218,Grand Canyon,Fall,Snowy
377,5;8;45;46;47,Reusable shopping bag;Umbrella;Swimsuits;Flip-flops;Beach towel,46;47,Flip-flops;Beach towel,46:0.644;47:0.560;6:0.414;48:0.395;49:0.386;45:0.335;10:0.292;9:0.274;2:0.261;1:0.250,Flip-flops:0.644;Beach towel:0.560;Snacks for transit:0.414;Sunglasses:0.395;Sunscreen:0.386;Swimsuits:0.335;Travel pillow:0.292;Rain jacket:0.274;Travel pillow:0.261;Medications:0.250,Outer Banks,Summer,Sunny
610,2;3;10;69,Travel pillow;Guidebook / downloaded maps;Travel pillow;Headlamp / flashlight,63,Quick-dry pants / shorts,63:0.593;72:0.469;69:0.438;9:0.387;4:0.335;6:0.274;2:0.254;8:0.248;3:0.247;1:0.241,Quick-dry pants / shorts:0.593;Bug spray / insect repellent:0.469;Headlamp / flashlight:0.438;Rain jacket:0.387;Notebook + pen:0.335;Snacks for transit:0.274;Travel pillow:0.254;Umbrella:0.248;Guidebook / downloaded maps:0.247;Medications:0.241,Yellowstone,Winter,Sunny
526,3;4;8;9,Guidebook / downloaded maps;Notebook + pen;Umbrella;Rain jacket,1;2;3;5;9;10,Medications;Travel pillow;Guidebook / downloaded maps;Reusable shopping bag;Rain jacket;Travel pillow,1:0.632;5:0.628;9:0.604;2:0.550;3:0.532;10:0.526;8:0.475;6:0.453;4:0.371;69:0.013,Medications:0.632;Reusable shopping bag:0.628;Rain jacket:0.604;Travel pillow:0.550;Guidebook / downloaded maps:0.532;Travel pillow:0.526;Umbrella:0.475;Snacks for transit:0.453;Notebook + pen:0.371;Headlamp / flashlight:0.013,New York City,Summer,Humid
658,1;2;3;9;10,Medications;Travel pillow;Guidebook / downloaded maps;Rain jacket;Travel pillow,2;3;6;9;10,Travel pillow;Guidebook / downloaded maps;Snacks for transit;Rain jacket;Travel pillow,6:0.717;10:0.697;2:0.686;9:0.624;3:0.619;1:0.486;4:0.388;5:0.374;8:0.361;72:0.026,Snacks for transit:0.717;Travel pillow:0.697;Travel pillow:0.686;Rain jacket:0.624;Guidebook / downloaded maps:0.619;Medications:0.486;Notebook + pen:0.388;Reusable shopping bag:0.374;Umbrella:0.361;Bug spray / insect repellent:0.026,New York City,Spring,Mild
529,4;5;45;48;49,Notebook + pen;Reusable shopping bag;Swimsuits;Sunglasses;Sunscreen,46;47;49,Flip-flops;Beach towel;Sunscreen,46:0.635;47:0.591;49:0.528;48:0.435;6:0.417;9:0.370;45:0.365;10:0.351;2:0.346;3:0.242,Flip-flops:0.635;Beach towel:0.591;Sunscreen:0.528;Sunglasses:0.435;Snacks for transit:0.417;Rain jacket:0.370;Swimsuits:0.365;Travel pillow:0.351;Travel pillow:0.346;Guidebook / downloaded maps:0.242,Outer Banks,Spring,Cold
622,1;4;47;48;49,Medications;Notebook + pen;Beach towel;Sunglasses;Sunscreen,45;47;48;49,Swimsuits;Beach towel;Sunglasses;Sunscreen,48:0.651;45:0.584;47:0.572;49:0.558;9:0.403;46:0.373;4:0.322;10:0.289;1:0.288;2:0.269,Sunglasses:0.651;Swimsuits:0.584;Beach towel:0.572;Sunscreen:0.558;Rain jacket:0.403;Flip-flops:0.373;Notebook + pen:0.322;Travel pillow:0.289;Medications:0.288;Travel pillow:0.269,Outer Banks,Winter,Cold
721,3;4;69;72,Guidebook / downloaded maps;Notebook + pen;Headlamp / flashlight;Bug spray / insect repellent,69,Headlamp / flashlight,69:0.506;4:0.500;72:0.474;63:0.454;9:0.385;1:0.291;8:0.246;10:0.224;2:0.214;5:0.211,Headlamp / flashlight:0.506;Notebook + pen:0.500;Bug spray / insect repellent:0.474;Quick-dry pants / shorts:0.454;Rain jacket:0.385;Medications:0.291;Umbrella:0.246;Travel pillow:0.224;Travel pillow:0.214;Reusable shopping bag:0.211,Grand Canyon,Fall,Rainy
360,4;5;63;69;72,Notebook + pen;Reusable shopping bag;Quick-dry pants / shorts;Headlamp / flashlight;Bug spray / insect repellent,63;72,Quick-dry pants / shorts;Bug spray / insect repellent,63:0.575;72:0.571;69:0.481;9:0.477;4:0.388;10:0.285;2:0.283;8:0.271;1:0.267;3:0.203,Quick-dry pants / shorts:0.575;Bug spray / insect repellent:0.571;Headlamp / flashlight:0.481;Rain jacket:0.477;Notebook + pen:0.388;Travel pillow:0.285;Travel pillow:0.283;Umbrella:0.271;Medications:0.267;Guidebook / downloaded maps:0.203,Yosemite,Winter,Mild
30,3;8;63;69;72,Guidebook / downloaded maps;Umbrella;Quick-dry pants / shorts;Headlamp / flashlight;Bug spray / insect repellent,63;69;72,Quick-dry pants / shorts;Headlamp / flashlight;Bug spray / insect repellent,63:0.687;72:0.658;69:0.554;9:0.416;4:0.335;10:0.290;8:0.273;2:0.270;1:0.258;6:0.231,Quick-dry pants / shorts:0.687;Bug spray / insect repellent:0.658;Headlamp / flashlight:0.554;Rain jacket:0.416;Notebook + pen:0.335;Travel pillow:0.290;Umbrella:0.273;Travel pillow:0.270;Medications:0.258;Snacks for transit:0.231,Yosemite,Winter,Mild
260,3;9;46;47;49,Guidebook / downloaded maps;Rain jacket;Flip-flops;Beach towel;Sunscreen,45;46;47;48;49,Swimsuits;Flip-flops;Beach towel;Sunglasses;Sunscreen,46:0.629;45:0.621;47:0.602;48:0.558;49:0.551;10:0.360;6:0.351;2:0.335;1:0.275;9:0.262,Flip-flops:0.629;Swimsuits:0.621;Beach towel:0.602;Sunglasses:0.558;Sunscreen:0.551;Travel pillow:0.360;Snacks for transit:0.351;Travel pillow:0.335;Medications:0.275;Rain jacket:0.262,Miami,Spring,Sunny
637,5;9;63;72,Reusable shopping bag;Rain jacket;Quick-dry pants / shorts;Bug spray / insect repellent,63;69;72,Quick-dry pants / shorts;Headlamp / flashlight;Bug spray / insect repellent,69:0.557;72:0.523;63:0.508;8:0.338;9:0.286;2:0.269;1:0.259;10:0.255;5:0.241;4:0.227,Headlamp / flashlight:0.557;Bug spray / insect repellent:0.523;Quick-dry pants / shorts:0.508;Umbrella:0.338;Rain jacket:0.286;Travel pillow:0.269;Medications:0.259;Travel pillow:0.255;Reusable shopping bag:0.241;Notebook + pen:0.227,Grand Canyon,Fall,Cold
746,3;6;80;82;88,Guidebook / downloaded maps;Snacks for transit;Thermal base layers (top & bottom);Ski gloves / mittens;Snow boots,78;80;87;88,Ski jacket;Thermal base layers (top & bottom);Beanie / winter hat;Snow boots,88:0.688;78:0.629;80:0.590;87:0.570;82:0.488;8:0.395;1:0.326;3:0.266;2:0.256;9:0.255,Snow boots:0.688;Ski jacket:0.629;Thermal base layers (top & bottom):0.590;Beanie / winter hat:0.570;Ski gloves / mittens:0.488;Umbrella:0.395;Medications:0.326;Guidebook / downloaded maps:0.266;Travel pillow:0.256;Rain jacket:0.255,Aspen,Winter,Hot
570,2;8;10;45;47;49,Travel pillow;Umbrella;Travel pillow;Swimsuits;Beach towel;Sunscreen,45;46;48;49,Swimsuits;Flip-flops;Sunglasses;Sunscreen,46:0.670;48:0.622;49:0.615;45:0.571;47:0.465;9:0.465;6:0.367;5:0.318;2:0.264;10:0.253,Flip-flops:0.670;Sunglasses:0.622;Sunscreen:0.615;Swimsuits:0.571;Beach towel:0.465;Rain jacket:0.465;Snacks for transit:0.367;Reusable shopping bag:0.318;Travel pillow:0.264;Travel pillow:0.253,Orlando,Summer,Dry
215,3;5;6;8;9,Guidebook / downloaded maps;Reusable shopping bag;Snacks for transit;Umbrella;Rain jacket,3;4;6;8;9,Guidebook / downloaded maps;Notebook + pen;Snacks for transit;Umbrella;Rain jacket,9:0.731;6:0.621;3:0.595;4:0.523;8:0.507;1:0.478;2:0.409;10:0.404;5:0.375;72:0.013,Rain jacket:0.731;Snacks for transit:0.621;Guidebook / downloaded maps:0.595;Notebook + pen:0.523;Umbrella:0.507;Medications:0.478;Travel pillow:0.409;Travel pillow:0.404;Reusable shopping bag:0.375;Bug spray / insect repellent:0.013,Chicago,Summer,Cold
78,4;5;46;47;49,Notebook + pen;Reusable shopping bag;Flip-flops;Beach towel;Sunscreen,46;47;48;49,Flip-flops;Beach towel;Sunglasses;Sunscreen,48:0.725;49:0.596;47:0.591;46:0.526;45:0.484;2:0.342;10:0.341;3:0.322;4:0.289;6:0.272,Sunglasses:0.725;Sunscreen:0.596;Beach towel:0.591;Flip-flops:0.526;Swimsuits:0.484;Travel pillow:0.342;Travel pillow:0.341;Guidebook / downloaded maps:0.322;Notebook + pen:0.289;Snacks for transit:0.272,Outer Banks,Winter,Rainy
578,1;2;10;78;87;88,Medications;Travel pillow;Travel pillow;Ski jacket;Beanie / winter hat;Snow boots,78;80;87;88,Ski jacket;Thermal base layers (top & bottom);Beanie / winter hat;Snow boots,80:0.735;78:0.676;87:0.642;88:0.567;82:0.401;8:0.310;1:0.296;4:0.287;10:0.252;2:0.242,Thermal base layers (top & bottom):0.735;Ski jacket:0.676;Beanie / winter hat:0.642;Snow boots:0.567;Ski gloves / mittens:0.401;Umbrella:0.310;Medications:0.296;Notebook + pen:0.287;Travel pillow:0.252;Travel pillow:0.242,Lake Tahoe,Summer,Rainy
383,1;6;46;47;48,Medications;Snacks for transit;Flip-flops;Beach towel;Sunglasses,45;47;48;49,Swimsuits;Beach towel;Sunglasses;Sunscreen,45:0.760;49:0.635;48:0.590;47:0.506;46:0.429;9:0.319;1:0.285;6:0.265;10:0.263;4:0.261,Swimsuits:0.760;Sunscreen:0.635;Sunglasses:0.590;Beach towel:0.506;Flip-flops:0.429;Rain jacket:0.319;Medications:0.285;Snacks for transit:0.265;Travel pillow:0.263;Notebook + pen:0.261,Miami,Fall,Mild
39,1;4;5;8;9,Medications;Notebook + pen;Reusable shopping bag;Umbrella;Rain jacket,1;2;3;6;9;10,Medications;Travel pillow;Guidebook / downloaded maps;Snacks for transit;Rain jacket;Travel pillow,6:0.716;9:0.680;3:0.586;1:0.535;10:0.519;2:0.512;8:0.499;4:0.482;5:0.350;72:0.014,Snacks for transit:0.716;Rain jacket:0.680;Guidebook / downloaded maps:0.586;Medications:0.535;Travel pillow:0.519;Travel pillow:0.512;Umbrella:0.499;Notebook + pen:0.482;Reusable shopping bag:0.350;Bug spray / insect repellent:0.014,Chicago,Winter,Mild
23,5;8;69,Reusable shopping bag;Umbrella;Headlamp / flashlight,63;69;72,Quick-dry pants / shorts;Headlamp / flashlight;Bug spray / insect repellent,72:0.671;69:0.642;63:0.601;9:0.378;10:0.340;2:0.310;5:0.304;1:0.295;4:0.273;8:0.260,Bug spray / insect repellent:0.671;Headlamp / flashlight:0.642;Quick-dry pants / shorts:0.601;Rain jacket:0.378;Travel pillow:0.340;Travel pillow:0.310;Reusable shopping bag:0.304;Medications:0.295;Notebook + pen:0.273;Umbrella:0.260,Yosemite,Spring,Cold
692,6;9;46;48;49,Snacks for transit;Rain jacket;Flip-flops;Sunglasses;Sunscreen,45;46;47;48;49,Swimsuits;Flip-flops;Beach towel;Sunglasses;Sunscreen,46:0.646;49:0.642;48:0.633;45:0.559;47:0.538;5:0.395;2:0.372;10:0.371;9:0.281;1:0.260,Flip-flops:0.646;Sunscreen:0.642;Sunglasses:0.633;Swimsuits:0.559;Beach towel:0.538;Reusable shopping bag:0.395;Travel pillow:0.372;Travel pillow:0.371;Rain jacket:0.281;Medications:0.260,Orlando,Spring,Snowy
398,1;4;45;48;49,Medications;Notebook + pen;Swimsuits;Sunglasses;Sunscreen,45;47;48;49,Swimsuits;Beach towel;Sunglasses;Sunscreen,49:0.662;48:0.559;45:0.523;47:0.518;46:0.485;1:0.335;9:0.327;2:0.308;10:0.281;3:0.270,Sunscreen:0.662;Sunglasses:0.559;Swimsuits:0.523;Beach towel:0.518;Flip-flops:0.485;Medications:0.335;Rain jacket:0.327;Travel pillow:0.308;Travel pillow:0.281;Guidebook / downloaded maps:0.270,Orlando,Spring,Humid
796,3;8;45;48;49,Guidebook / downloaded maps;Umbrella;Swimsuits;Sunglasses;Sunscreen,46;47;48;49,Flip-flops;Beach towel;Sunglasses;Sunscreen,46:0.702;47:0.654;48:0.607;49:0.591;45:0.481;6:0.420;9:0.350;10:0.299;2:0.276;3:0.247,Flip-flops:0.702;Beach towel:0.654;Sunglasses:0.607;Sunscreen:0.591;Swimsuits:0.481;Snacks for transit:0.420;Rain jacket:0.350;Travel pillow:0.299;Travel pillow:0.276;Guidebook / downloaded maps:0.247,Outer Banks,Summer,Sunny
741,8;9;69,Umbrella;Rain jacket;Headlamp / flashlight,63;69;72,Quick-dry pants / shorts;Headlamp / flashlight;Bug spray / insect repellent,63:0.674;72:0.629;69:0.531;9:0.358;5:0.281;10:0.273;2:0.268;4:0.255;1:0.224;6:0.195,Quick-dry pants / shorts:0.674;Bug spray / insect repellent:0.629;Headlamp / flashlight:0.531;Rain jacket:0.358;Reusable shopping bag:0.281;Travel pillow:0.273;Travel pillow:0.268;Notebook + pen:0.255;Medications:0.224;Snacks for transit:0.195,Grand Canyon,Fall,Snowy
139,4;5;63;69,Notebook + pen;Reusable shopping bag;Quick-dry pants / shorts;Headlamp / flashlight,72,Bug spray / insect repellent,72:0.565;69:0.431;63:0.379;9:0.350;6:0.313;5:0.297;1:0.273;4:0.254;8:0.253;3:0.214,Bug spray / insect repellent:0.565;Headlamp / flashlight:0.431;Quick-dry pants / shorts:0.379;Rain jacket:0.350;Snacks for transit:0.313;Reusable shopping bag:0.297;Medications:0.273;Notebook + pen:0.254;Umbrella:0.253;Guidebook / downloaded maps:0.214,Yellowstone,Fall,Cold
250,2;3;10;80;82;88,Travel pillow;Guidebook / downloaded maps;Travel pillow;Thermal base layers (top & bottom);Ski gloves / mittens;Snow boots,78;80;82;87;88,Ski jacket;Thermal base layers (top & bottom);Ski gloves / mittens;Beanie / winter hat;Snow boots,87:0.595;78:0.589;88:0.575;80:0.568;82:0.517;5:0.410;2:0.383;10:0.372;9:0.285;6:0.262,Beanie / winter hat:0.595;Ski jacket:0.589;Snow boots:0.575;Thermal base layers (top & bottom):0.568;Ski gloves / mittens:0.517;Reusable shopping bag:0.410;Travel pillow:0.383;Travel pillow:0.372;Rain jacket:0.285;Snacks for transit:0.262,Lake Tahoe,Spring,Snowy
174,2;3;10;63;69,Travel pillow;Guidebook / downloaded maps;Travel pillow;Quick-dry pants / shorts;Headlamp / flashlight,63;69;72,Quick-dry pants / shorts;Headlamp / flashlight;Bug spray / insect repellent,72:0.752;69:0.554;63:0.505;9:0.340;10:0.315;2:0.302;1:0.293;4:0.279;5:0.241;8:0.233,Bug spray / insect repellent:0.752;Headlamp / flashlight:0.554;Quick-dry pants / shorts:0.505;Rain jacket:0.340;Travel pillow:0.315;Travel pillow:0.302;Medications:0.293;Notebook + pen:0.279;Reusable shopping bag:0.241;Umbrella:0.233,Yosemite,Spring,Sunny
323,1;6;45;47;48,Medications;Snacks for transit;Swimsuits;Beach towel;Sunglasses,45;47;48;49,Swimsuits;Beach towel;Sunglasses;Sunscreen,45:0.736;48:0.658;49:0.616;47:0.516;46:0.429;10:0.376;2:0.346;5:0.300;1:0.294;9:0.285,Swimsuits:0.736;Sunglasses:0.658;Sunscreen:0.616;Beach towel:0.516;Flip-flops:0.429;Travel pillow:0.376;Travel pillow:0.346;Reusable shopping bag:0.300;Medications:0.294;Rain jacket:0.285,Miami,Winter,Snowy
595,8;9;80;82;87,Umbrella;Rain jacket;Thermal base layers (top & bottom);Ski gloves / mittens;Beanie / winter hat,78;80;82;87;88,Ski jacket;Thermal base layers (top & bottom);Ski gloves / mittens;Beanie / winter hat;Snow boots,88:0.678;87:0.618;82:0.594;78:0.594;80:0.535;1:0.390;8:0.354;4:0.314;3:0.257;10:0.254,Snow boots:0.678;Beanie / winter hat:0.618;Ski gloves / mittens:0.594;Ski jacket:0.594;Thermal base layers (top & bottom):0.535;Medications:0.390;Umbrella:0.354;Notebook + pen:0.314;Guidebook / downloaded maps:0.257;Travel pillow:0.254,Aspen,Winter,Sunny
525,2;5;10;46;48;49,Travel pillow;Reusable shopping bag;Travel pillow;Flip-flops;Sunglasses;Sunscreen,45;46;47;48;49,Swimsuits;Flip-flops;Beach towel;Sunglasses;Sunscreen,46:0.709;49:0.675;48:0.647;47:0.530;45:0.507;6:0.401;3:0.324;9:0.287;2:0.269;10:0.261,Flip-flops:0.709;Sunscreen:0.675;Sunglasses:0.647;Beach towel:0.530;Swimsuits:0.507;Snacks for transit:0.401;Guidebook / downloaded maps:0.324;Rain jacket:0.287;Travel pillow:0.269;Travel pillow:0.261,Orlando,Fall,Cold
423,1;2;8;9;10,Medications;Travel pillow;Umbrella;Rain jacket;Travel pillow,2;5;6;9;10,Travel pillow;Reusable shopping bag;Snacks for transit;Rain jacket;Travel pillow,9:0.762;2:0.649;10:0.635;6:0.603;5:0.599;3:0.446;1:0.428;8:0.421;4:0.395;72:0.013,Rain jacket:0.762;Travel pillow:0.649;Travel pillow:0.635;Snacks for transit:0.603;Reusable shopping bag:0.599;Guidebook / downloaded maps:0.446;Medications:0.428;Umbrella:0.421;Notebook + pen:0.395;Bug spray / insect repellent:0.013,New York City,Summer,Dry
596,4;9;45;46;49,Notebook + pen;Rain jacket;Swimsuits;Flip-flops;Sunscreen,45;46;47;48;49,Swimsuits;Flip-flops;Beach towel;Sunglasses;Sunscreen,45:0.628;47:0.614;46:0.586;49:0.583;48:0.573;6:0.343;4:0.326;9:0.300;10:0.296;2:0.292,Swimsuits:0.628;Beach towel:0.614;Flip-flops:0.586;Sunscreen:0.583;Sunglasses:0.573;Snacks for transit:0.343;Notebook + pen:0.326;Rain jacket:0.300;Travel pillow:0.296;Travel pillow:0.292,Outer Banks,Fall,Rainy
604,4;9;69;72,Notebook + pen;Rain jacket;Headlamp / flashlight;Bug spray / insect repellent,63;69;72,Quick-dry pants / shorts;Headlamp / flashlight;Bug spray / insect repellent,63:0.558;72:0.544;69:0.544;3:0.405;4:0.398;1:0.343;9:0.342;8:0.319;2:0.211;10:0.204,Quick-dry pants / shorts:0.558;Bug spray / insect repellent:0.544;Headlamp / flashlight:0.544;Guidebook / downloaded maps:0.405;Notebook + pen:0.398;Medications:0.343;Rain jacket:0.342;Umbrella:0.319;Travel pillow:0.211;Travel pillow:0.204,Grand Canyon,Winter,Cold
534,2;8;10;78;87;88,Travel pillow;Umbrella;Travel pillow;Ski jacket;Beanie / winter hat;Snow boots,78;80,Ski jacket;Thermal base layers (top & bottom),78:0.662;80:0.550;88:0.480;87:0.477;82:0.386;1:0.358;6:0.314;3:0.303;4:0.245;10:0.243,Ski jacket:0.662;Thermal base layers (top & bottom):0.550;Snow boots:0.480;Beanie / winter hat:0.477;Ski gloves / mittens:0.386;Medications:0.358;Snacks for transit:0.314;Guidebook / downloaded maps:0.303;Notebook + pen:0.245;Travel pillow:0.243,Lake Tahoe,Winter,Humid
265,1;3;80;87;88,Medications;Guidebook / downloaded maps;Thermal base layers (top & bottom);Beanie / winter hat;Snow boots,78;80;82;87;88,Ski jacket;Thermal base layers (top & bottom);Ski gloves / mittens;Beanie / winter hat;Snow boots,80:0.625;87:0.582;78:0.566;82:0.547;88:0.510;4:0.323;3:0.317;8:0.316;1:0.304;6:0.282,Thermal base layers (top & bottom):0.625;Beanie / winter hat:0.582;Ski jacket:0.566;Ski gloves / mittens:0.547;Snow boots:0.510;Notebook + pen:0.323;Guidebook / downloaded maps:0.317;Umbrella:0.316;Medications:0.304;Snacks for transit:0.282,Aspen,Fall,Sunny
109,2;8;10;45;47;48,Travel pillow;Umbrella;Travel pillow;Swimsuits;Beach towel;Sunglasses,45;46;47;48;49,Swimsuits;Flip-flops;Beach towel;Sunglasses;Sunscreen,49:0.708;48:0.631;46:0.628;47:0.608;45:0.579;3:0.338;4:0.303;1:0.297;9:0.259;6:0.241,Sunscreen:0.708;Sunglasses:0.631;Flip-flops:0.628;Beach towel:0.608;Swimsuits:0.579;Guidebook / downloaded maps:0.338;Notebook + pen:0.303;Medications:0.297;Rain jacket:0.259;Snacks for transit:0.241,Miami,Summer,Rainy
666,2;8;10;45;46;48,Travel pillow;Umbrella;Travel pillow;Swimsuits;Flip-flops;Sunglasses,46;47;48;49,Flip-flops;Beach towel;Sunglasses;Sunscreen,46:0.726;49:0.554;47:0.545;48:0.514;45:0.441;6:0.399;2:0.306;10:0.301;9:0.296;5:0.281,Flip-flops:0.726;Sunscreen:0.554;Beach towel:0.545;Sunglasses:0.514;Swimsuits:0.441;Snacks for transit:0.399;Travel pillow:0.306;Travel pillow:0.301;Rain jacket:0.296;Reusable shopping bag:0.281,Orlando,Spring,Cold
294,1;8;78;82;87,Medications;Umbrella;Ski jacket;Ski gloves / mittens;Beanie / winter hat,78;80;82;87;88,Ski jacket;Thermal base layers (top & bottom);Ski gloves / mittens;Beanie / winter hat;Snow boots,80:0.693;78:0.673;87:0.558;82:0.535;88:0.534;6:0.321;10:0.288;3:0.274;2:0.271;8:0.261,Thermal base layers (top & bottom):0.693;Ski jacket:0.673;Beanie / winter hat:0.558;Ski gloves / mittens:0.535;Snow boots:0.534;Snacks for transit:0.321;Travel pillow:0.288;Guidebook / downloaded maps:0.274;Travel pillow:0.271;Umbrella:0.261,Aspen,Fall,Snowy
336,5;8;72,Reusable shopping bag;Umbrella;Bug spray / insect repellent,69;72,Headlamp / flashlight;Bug spray / insect repellent,72:0.672;69:0.523;63:0.492;10:0.349;2:0.318;1:0.290;3:0.280;5:0.272;9:0.224;4:0.185,Bug spray / insect repellent:0.672;Headlamp / flashlight:0.523;Quick-dry pants / shorts:0.492;Travel pillow:0.349;Travel pillow:0.318;Medications:0.290;Guidebook / downloaded maps:0.280;Reusable shopping bag:0.272;Rain jacket:0.224;Notebook + pen:0.185,Grand Canyon,Spring,Snowy
368,4;9;78;87;88,Notebook + pen;Rain jacket;Ski jacket;Beanie / winter hat;Snow boots,78;80;87;88,Ski jacket;Thermal base layers (top & bottom);Beanie / winter hat;Snow boots,88:0.721;80:0.719;87:0.681;78:0.638;82:0.434;8:0.403;1:0.342;4:0.276;3:0.249;10:0.241,Snow boots:0.721;Thermal base layers (top & bottom):0.719;Beanie / winter hat:0.681;Ski jacket:0.638;Ski gloves / mittens:0.434;Umbrella:0.403;Medications:0.342;Notebook + pen:0.276;Guidebook / downloaded maps:0.249;Travel pillow:0.241,Aspen,Summer,Rainy
446,1;9;63;69,Medications;Rain jacket;Quick-dry pants / shorts;Headlamp / flashlight,63;69,Quick-dry pants / shorts;Headlamp / flashlight,63:0.632;69:0.628;72:0.495;4:0.350;9:0.337;1:0.332;10:0.297;2:0.268;8:0.261;5:0.222,Quick-dry pants / shorts:0.632;Headlamp / flashlight:0.628;Bug spray / insect repellent:0.495;Notebook + pen:0.350;Rain jacket:0.337;Medications:0.332;Travel pillow:0.297;Travel pillow:0.268;Umbrella:0.261;Reusable shopping bag:0.222,Grand Canyon,Spring,Rainy
333,2;6;10;80;87;88,Travel pillow;Snacks for transit;Travel pillow;Thermal base layers (top & bottom);Beanie / winter hat;Snow boots,78;80;87;88,Ski jacket;Thermal base layers (top & bottom);Beanie / winter hat;Snow boots,78:0.616;88:0.612;87:0.580;80:0.529;82:0.452;1:0.334;8:0.333;5:0.304;6:0.278;2:0.264,Ski jacket:0.616;Snow boots:0.612;Beanie / winter hat:0.580;Thermal base layers (top & bottom):0.529;Ski gloves / mittens:0.452;Medications:0.334;Umbrella:0.333;Reusable shopping bag:0.304;Snacks for transit:0.278;Travel pillow:0.264,Lake Tahoe,Winter,Hot
198,8;9;63;72,Umbrella;Rain jacket;Quick-dry pants / shorts;Bug spray / insect repellent,72,Bug spray / insect repellent,72:0.563;63:0.462;9:0.455;3:0.342;10:0.334;2:0.333;6:0.315;4:0.309;69:0.293;8:0.200,Bug spray / insect repellent:0.563;Quick-dry pants / shorts:0.462;Rain jacket:0.455;Guidebook / downloaded maps:0.342;Travel pillow:0.334;Travel pillow:0.333;Snacks for transit:0.315;Notebook + pen:0.309;Headlamp / flashlight:0.293;Umbrella:0.200,Grand Canyon,Winter,Dry
168,6;8;80;82;87,Snacks for transit;Umbrella;Thermal base layers (top & bottom);Ski gloves / mittens;Beanie / winter hat,78;80;82;87;88,Ski jacket;Thermal base layers (top & bottom);Ski gloves / mittens;Beanie / winter hat;Snow boots,78:0.741;80:0.675;82:0.634;88:0.630;87:0.511;3:0.324;10:0.292;6:0.290;1:0.282;2:0.281,Ski jacket:0.741;Thermal base layers (top & bottom):0.675;Ski gloves / mittens:0.634;Snow boots:0.630;Beanie / winter hat:0.511;Guidebook / downloaded maps:0.324;Travel pillow:0.292;Snacks for transit:0.290;Medications:0.282;Travel pillow:0.281,Aspen,Fall,Snowy
481,4;9;80;87;88,Notebook + pen;Rain jacket;Thermal base layers (top & bottom);Beanie / winter hat;Snow boots,78;80;88,Ski jacket;Thermal base layers (top & bottom);Snow boots,88:0.707;80:0.573;78:0.523;82:0.477;87:0.450;10:0.331;2:0.304;8:0.304;1:0.265;9:0.264,Snow boots:0.707;Thermal base layers (top & bottom):0.573;Ski jacket:0.523;Ski gloves / mittens:0.477;Beanie / winter hat:0.450;Travel pillow:0.331;Travel pillow:0.304;Umbrella:0.304;Medications:0.265;Rain jacket:0.264,Aspen,Winter,Snowy
723,2;3;10;78;82;87,Travel pillow;Guidebook / downloaded maps;Travel pillow;Ski jacket;Ski gloves / mittens;Beanie / winter hat,80;87;88,Thermal base layers (top & bottom);Beanie / winter hat;Snow boots,88:0.727;80:0.618;87:0.571;82:0.460;78:0.446;8:0.440;9:0.365;1:0.307;2:0.247;10:0.239,Snow boots:0.727;Thermal base layers (top & bottom):0.618;Beanie / winter hat:0.571;Ski gloves / mittens:0.460;Ski jacket:0.446;Umbrella:0.440;Rain jacket:0.365;Medications:0.307;Travel pillow:0.247;Travel pillow:0.239,Aspen,Winter,Hot
655,3;5;63;72,Guidebook / downloaded maps;Reusable shopping bag;Quick-dry pants / shorts;Bug spray / insect repellent,63;72,Quick-dry pants / shorts;Bug spray / insect repellent,63:0.688;72:0.661;69:0.473;9:0.407;8:0.278;5:0.249;1:0.232;4:0.220;6:0.216;2:0.177,Quick-dry pants / shorts:0.688;Bug spray / insect repellent:0.661;Headlamp / flashlight:0.473;Rain jacket:0.407;Umbrella:0.278;Reusable shopping bag:0.249;Medications:0.232;Notebook + pen:0.220;Snacks for transit:0.216;Travel pillow:0.177,Yellowstone,Summer,Mild
306,2;6;10;45;46;48,Travel pillow;Snacks for transit;Travel pillow;Swimsuits;Flip-flops;Sunglasses,46;47;48;49,Flip-flops;Beach towel;Sunglasses;Sunscreen,49:0.665;47:0.610;46:0.604;48:0.545;10:0.456;2:0.443;45:0.335;6:0.293;9:0.282;1:0.254,Sunscreen:0.665;Beach towel:0.610;Flip-flops:0.604;Sunglasses:0.545;Travel pillow:0.456;Travel pillow:0.443;Swimsuits:0.335;Snacks for transit:0.293;Rain jacket:0.282;Medications:0.254,Outer Banks,Spring,Humid
231,1;2;3;4;8;10,Medications;Travel pillow;Guidebook / downloaded maps;Notebook + pen;Umbrella;Travel pillow,1;2;3;5;6;9;10,Medications;Travel pillow;Guidebook / downloaded maps;Reusable shopping bag;Snacks for transit;Rain jacket;Travel pillow,3:0.651;6:0.639;10:0.598;2:0.586;1:0.567;5:0.560;9:0.524;4:0.468;8:0.259;72:0.013,Guidebook / downloaded maps:0.651;Snacks for transit:0.639;Travel pillow:0.598;Travel pillow:0.586;Medications:0.567;Reusable shopping bag:0.560;Rain jacket:0.524;Notebook + pen:0.468;Umbrella:0.259;Bug spray / insect repellent:0.013,New York City,Fall,Snowy
422,1;2;4;5;6;10,Medications;Travel pillow;Notebook + pen;Reusable shopping bag;Snacks for transit;Travel pillow,1;2;3;5;6;9;10,Medications;Travel pillow;Guidebook / downloaded maps;Reusable shopping bag;Snacks for transit;Rain jacket;Travel pillow,10:0.656;2:0.654;3:0.639;6:0.606;9:0.602;5:0.555;1:0.529;4:0.443;8:0.408;48:0.014,Travel pillow:0.656;Travel pillow:0.654;Guidebook / downloaded maps:0.639;Snacks for transit:0.606;Rain jacket:0.602;Reusable shopping bag:0.555;Medications:0.529;Notebook + pen:0.443;Umbrella:0.408;Sunglasses:0.014,New York City,Winter,Dry
49,2;4;10;63;72,Travel pillow;Notebook + pen;Travel pillow;Quick-dry pants / shorts;Bug spray / insect repellent,63;72,Quick-dry pants / shorts;Bug spray / insect repellent,63:0.625;72:0.622;69:0.472;10:0.343;2:0.329;9:0.317;4:0.285;3:0.273;8:0.240;1:0.228,Quick-dry pants / shorts:0.625;Bug spray / insect repellent:0.622;Headlamp / flashlight:0.472;Travel pillow:0.343;Travel pillow:0.329;Rain jacket:0.317;Notebook + pen:0.285;Guidebook / downloaded maps:0.273;Umbrella:0.240;Medications:0.228,Grand Canyon,Spring,Rainy
787,1;5;82;87;88,Medications;Reusable shopping bag;Ski gloves / mittens;Beanie / winter hat;Snow boots,78;80;87;88,Ski jacket;Thermal base layers (top & bottom);Beanie / winter hat;Snow boots,80:0.750;87:0.715;78:0.616;88:0.600;82:0.417;1:0.343;5:0.298;2:0.279;10:0.275;8:0.274,Thermal base layers (top & bottom):0.750;Beanie / winter hat:0.715;Ski jacket:0.616;Snow boots:0.600;Ski gloves / mittens:0.417;Medications:0.343;Reusable shopping bag:0.298;Travel pillow:0.279;Travel pillow:0.275;Umbrella:0.274,Lake Tahoe,Winter,Humid
357,1;6;63;69,Medications;Snacks for transit;Quick-dry pants / shorts;Headlamp / flashlight,72,Bug spray / insect repellent,72:0.595;69:0.499;63:0.484;9:0.351;3:0.334;6:0.317;4:0.307;1:0.295;8:0.222;5:0.215,Bug spray / insect repellent:0.595;Headlamp / flashlight:0.499;Quick-dry pants / shorts:0.484;Rain jacket:0.351;Guidebook / downloaded maps:0.334;Snacks for transit:0.317;Notebook + pen:0.307;Medications:0.295;Umbrella:0.222;Reusable shopping bag:0.215,Yellowstone,Winter,Cold
86,2;5;10;69;72,Travel pillow;Reusable shopping bag;Travel pillow;Headlamp / flashlight;Bug spray / insect repellent,63;69;72,Quick-dry pants / shorts;Headlamp / flashlight;Bug spray / insect repellent,72:0.591;63:0.531;69:0.530;5:0.437;9:0.391;1:0.369;8:0.245;4:0.217;2:0.147;3:0.141,Bug spray / insect repellent:0.591;Quick-dry pants / shorts:0.531;Headlamp / flashlight:0.530;Reusable shopping bag:0.437;Rain jacket:0.391;Medications:0.369;Umbrella:0.245;Notebook + pen:0.217;Travel pillow:0.147;Guidebook / downloaded maps:0.141,Yellowstone,Summer,Humid
545,3;6;69;72,Guidebook / downloaded maps;Snacks for transit;Headlamp / flashlight;Bug spray / insect repellent,63;69,Quick-dry pants / shorts;Headlamp / flashlight,69:0.572;63:0.523;72:0.497;4:0.478;9:0.381;1:0.345;3:0.257;8:0.257;10:0.255;2:0.225,Headlamp / flashlight:0.572;Quick-dry pants / shorts:0.523;Bug spray / insect repellent:0.497;Notebook + pen:0.478;Rain jacket:0.381;Medications:0.345;Guidebook / downloaded maps:0.257;Umbrella:0.257;Travel pillow:0.255;Travel pillow:0.225,Yosemite,Winter,Rainy
192,3;9;45;46;49,Guidebook / downloaded maps;Rain jacket;Swimsuits;Flip-flops;Sunscreen,45;48;49,Swimsuits;Sunglasses;Sunscreen,45:0.621;48:0.618;49:0.529;47:0.429;46:0.349;10:0.349;2:0.323;1:0.307;5:0.304;3:0.261,Swimsuits:0.621;Sunglasses:0.618;Sunscreen:0.529;Beach towel:0.429;Flip-flops:0.349;Travel pillow:0.349;Travel pillow:0.323;Medications:0.307;Reusable shopping bag:0.304;Guidebook / downloaded maps:0.261,Miami,Winter,Dry
795,1;9;80;82;87,Medications;Rain jacket;Thermal base layers (top & bottom);Ski gloves / mittens;Beanie / winter hat,78;80;87;88,Ski jacket;Thermal base layers (top & bottom);Beanie / winter hat;Snow boots,80:0.757;87:0.753;78:0.698;88:0.690;82:0.496;5:0.373;1:0.286;10:0.267;2:0.262;8:0.243,Thermal base layers (top & bottom):0.757;Beanie / winter hat:0.753;Ski jacket:0.698;Snow boots:0.690;Ski gloves / mittens:0.496;Reusable shopping bag:0.373;Medications:0.286;Travel pillow:0.267;Travel pillow:0.262;Umbrella:0.243,Lake Tahoe,Summer,Snowy
33,2;3;5;8;10,Travel pillow;Guidebook / downloaded maps;Reusable shopping bag;Umbrella;Travel pillow,2;3;6;9;10,Travel pillow;Guidebook / downloaded maps;Snacks for transit;Rain jacket;Travel pillow,6:0.750;3:0.699;9:0.688;10:0.654;2:0.647;1:0.464;5:0.439;4:0.437;8:0.305;63:0.015,Snacks for transit:0.750;Guidebook / downloaded maps:0.699;Rain jacket:0.688;Travel pillow:0.654;Travel pillow:0.647;Medications:0.464;Reusable shopping bag:0.439;Notebook + pen:0.437;Umbrella:0.305;Quick-dry pants / shorts:0.015,New York City,Winter,Snowy
31,2;4;8;10,Travel pillow;Notebook + pen;Umbrella;Travel pillow,4;6;9,Notebook + pen;Snacks for transit;Rain jacket,9:0.772;6:0.638;4:0.567;1:0.492;8:0.468;3:0.436;5:0.368;10:0.360;2:0.360;72:0.014,Rain jacket:0.772;Snacks for transit:0.638;Notebook + pen:0.567;Medications:0.492;Umbrella:0.468;Guidebook / downloaded maps:0.436;Reusable shopping bag:0.368;Travel pillow:0.360;Travel pillow:0.360;Bug spray / insect repellent:0.014,Chicago,Summer,Sunny
199,4;8;63;69,Notebook + pen;Umbrella;Quick-dry pants / shorts;Headlamp / flashlight,72,Bug spray / insect repellent,72:0.700;9:0.438;69:0.431;5:0.346;63:0.343;4:0.339;2:0.274;10:0.272;1:0.246;6:0.202,Bug spray / insect repellent:0.700;Rain jacket:0.438;Headlamp / flashlight:0.431;Reusable shopping bag:0.346;Quick-dry pants / shorts:0.343;Notebook + pen:0.339;Travel pillow:0.274;Travel pillow:0.272;Medications:0.246;Snacks for transit:0.202,Yosemite,Fall,Dry
365,4;6;72,Notebook + pen;Snacks for transit;Bug spray / insect repellent,72,Bug spray / insect repellent,72:0.577;63:0.492;69:0.456;9:0.380;1:0.315;4:0.282;5:0.272;8:0.208;3:0.118;6:0.111,Bug spray / insect repellent:0.577;Quick-dry pants / shorts:0.492;Headlamp / flashlight:0.456;Rain jacket:0.380;Medications:0.315;Notebook + pen:0.282;Reusable shopping bag:0.272;Umbrella:0.208;Guidebook / downloaded maps:0.118;Snacks for transit:0.111,Yellowstone,Summer,Mild
486,1;2;10;63;72,Medications;Travel pillow;Travel pillow;Quick-dry pants / shorts;Bug spray / insect repellent,63;69;72,Quick-dry pants / shorts;Headlamp / flashlight;Bug spray / insect repellent,72:0.738;63:0.517;69:0.501;10:0.459;2:0.438;9:0.338;5:0.297;3:0.257;1:0.239;4:0.199,Bug spray / insect repellent:0.738;Quick-dry pants / shorts:0.517;Headlamp / flashlight:0.501;Travel pillow:0.459;Travel pillow:0.438;Rain jacket:0.338;Reusable shopping bag:0.297;Guidebook / downloaded maps:0.257;Medications:0.239;Notebook + pen:0.199,Yosemite,Spring,Dry
594,2;6;10;46;47;49,Travel pillow;Snacks for transit;Travel pillow;Flip-flops;Beach towel;Sunscreen,45;46;47;48;49,Swimsuits;Flip-flops;Beach towel;Sunglasses;Sunscreen,45:0.691;48:0.684;49:0.592;47:0.531;46:0.514;5:0.385;9:0.318;2:0.308;1:0.307;10:0.294,Swimsuits:0.691;Sunglasses:0.684;Sunscreen:0.592;Beach towel:0.531;Flip-flops:0.514;Reusable shopping bag:0.385;Rain jacket:0.318;Travel pillow:0.308;Medications:0.307;Travel pillow:0.294,Orlando,Winter,Humid
568,4;6;45;47;48,Notebook + pen;Snacks for transit;Swimsuits;Beach towel;Sunglasses,45;46;47;48,Swimsuits;Flip-flops;Beach towel;Sunglasses,47:0.662;46:0.640;48:0.614;45:0.553;49:0.450;10:0.360;2:0.332;1:0.306;8:0.239;9:0.237,Beach towel:0.662;Flip-flops:0.640;Sunglasses:0.614;Swimsuits:0.553;Sunscreen:0.450;Travel pillow:0.360;Travel pillow:0.332;Medications:0.306;Umbrella:0.239;Rain jacket:0.237,Outer Banks,Summer,Rainy
428,1;8;46;47;49,Medications;Umbrella;Flip-flops;Beach towel;Sunscreen,45;47;48;49,Swimsuits;Beach towel;Sunglasses;Sunscreen,49:0.661;45:0.655;48:0.631;47:0.525;46:0.440;1:0.357;9:0.327;3:0.315;5:0.256;2:0.241,Sunscreen:0.661;Swimsuits:0.655;Sunglasses:0.631;Beach towel:0.525;Flip-flops:0.440;Medications:0.357;Rain jacket:0.327;Guidebook / downloaded maps:0.315;Reusable shopping bag:0.256;Travel pillow:0.241,Orlando,Winter,Humid
137,6;8;47;48;49,Snacks for transit;Umbrella;Beach towel;Sunglasses;Sunscreen,46;47;48;49,Flip-flops;Beach towel;Sunglasses;Sunscreen,46:0.607;47:0.581;49:0.572;48:0.538;6:0.428;45:0.377;10:0.358;2:0.345;9:0.320;3:0.235,Flip-flops:0.607;Beach towel:0.581;Sunscreen:0.572;Sunglasses:0.538;Snacks for transit:0.428;Swimsuits:0.377;Travel pillow:0.358;Travel pillow:0.345;Rain jacket:0.320;Guidebook / downloaded maps:0.235,Outer Banks,Fall,Cold
72,3;5;82;87;88,Guidebook / downloaded maps;Reusable shopping bag;Ski gloves / mittens;Beanie / winter hat;Snow boots,78;80;87;88,Ski jacket;Thermal base layers (top & bottom);Beanie / winter hat;Snow boots,80:0.660;78:0.566;87:0.538;88:0.507;82:0.452;3:0.363;1:0.362;8:0.276;10:0.257;2:0.245,Thermal base layers (top & bottom):0.660;Ski jacket:0.566;Beanie / winter hat:0.538;Snow boots:0.507;Ski gloves / mittens:0.452;Guidebook / downloaded maps:0.363;Medications:0.362;Umbrella:0.276;Travel pillow:0.257;Travel pillow:0.245,Aspen,Fall,Humid
77,5;6;69;72,Reusable shopping bag;Snacks for transit;Headlamp / flashlight;Bug spray / insect repellent,63;72,Quick-dry pants / shorts;Bug spray / insect repellent,72:0.639;63:0.594;69:0.446;9:0.422;4:0.309;10:0.288;2:0.262;3:0.246;8:0.240;1:0.237,Bug spray / insect repellent:0.639;Quick-dry pants / shorts:0.594;Headlamp / flashlight:0.446;Rain jacket:0.422;Notebook + pen:0.309;Travel pillow:0.288;Travel pillow:0.262;Guidebook / downloaded maps:0.246;Umbrella:0.240;Medications:0.237,Grand Canyon,Spring,Cold
512,1;9;63;69;72,Medications;Rain jacket;Quick-dry pants / shorts;Headlamp / flashlight;Bug spray / insect repellent,63;72,Quick-dry pants / shorts;Bug spray / insect repellent,72:0.624;63:0.551;69:0.409;1:0.354;9:0.283;8:0.266;3:0.251;5:0.208;6:0.192;4:0.186,Bug spray / insect repellent:0.624;Quick-dry pants / shorts:0.551;Headlamp / flashlight:0.409;Medications:0.354;Rain jacket:0.283;Umbrella:0.266;Guidebook / downloaded maps:0.251;Reusable shopping bag:0.208;Snacks for transit:0.192;Notebook + pen:0.186,Grand Canyon,Summer,Humid
783,3;9;69;72,Guidebook / downloaded maps;Rain jacket;Headlamp / flashlight;Bug spray / insect repellent,63;69;72,Quick-dry pants / shorts;Headlamp / flashlight;Bug spray / insect repellent,72:0.629;69:0.517;63:0.509;9:0.431;8:0.359;4:0.358;1:0.311;5:0.256;3:0.189;10:0.180,Bug spray / insect repellent:0.629;Headlamp / flashlight:0.517;Quick-dry pants / shorts:0.509;Rain jacket:0.431;Umbrella:0.359;Notebook + pen:0.358;Medications:0.311;Reusable shopping bag:0.256;Guidebook / downloaded maps:0.189;Travel pillow:0.180,Yosemite,Summer,Cold
786,2;3;6;9;10,Travel pillow;Guidebook / downloaded maps;Snacks for transit;Rain jacket;Travel pillow,1;3;4;6;9,Medications;Guidebook / downloaded maps;Notebook + pen;Snacks for transit;Rain jacket,6:0.715;9:0.652;3:0.611;1:0.593;4:0.557;5:0.472;8:0.455;2:0.409;10:0.406;72:0.013,Snacks for transit:0.715;Rain jacket:0.652;Guidebook / downloaded maps:0.611;Medications:0.593;Notebook + pen:0.557;Reusable shopping bag:0.472;Umbrella:0.455;Travel pillow:0.409;Travel pillow:0.406;Bug spray / insect repellent:0.013,Chicago,Fall,Cold
275,4;8;78;80;88,Notebook + pen;Umbrella;Ski jacket;Thermal base layers (top & bottom);Snow boots,78;80;87;88,Ski jacket;Thermal base layers (top & bottom);Beanie / winter hat;Snow boots,88:0.761;80:0.611;87:0.597;78:0.539;82:0.431;8:0.379;9:0.314;1:0.249;4:0.229;10:0.215,Snow boots:0.761;Thermal base layers (top & bottom):0.611;Beanie / winter hat:0.597;Ski jacket:0.539;Ski gloves / mittens:0.431;Umbrella:0.379;Rain jacket:0.314;Medications:0.249;Notebook + pen:0.229;Travel pillow:0.215,Aspen,Summer,Mild
361,4;9;78;82;88,Notebook + pen;Rain jacket;Ski jacket;Ski gloves / mittens;Snow boots,78;80;87;88,Ski jacket;Thermal base layers (top & bottom);Beanie / winter hat;Snow boots,87:0.715;80:0.713;78:0.669;88:0.611;82:0.415;1:0.365;4:0.310;8:0.303;3:0.250;10:0.249,Beanie / winter hat:0.715;Thermal base layers (top & bottom):0.713;Ski jacket:0.669;Snow boots:0.611;Ski gloves / mittens:0.415;Medications:0.365;Notebook + pen:0.310;Umbrella:0.303;Guidebook / downloaded maps:0.250;Travel pillow:0.249,Lake Tahoe,Summer,Rainy
96,2;9;10;45;47;49,Travel pillow;Rain jacket;Travel pillow;Swimsuits;Beach towel;Sunscreen,45;46;47;48;49,Swimsuits;Flip-flops;Beach towel;Sunglasses;Sunscreen,49:0.687;47:0.659;45:0.646;48:0.617;46:0.575;10:0.341;2:0.320;9:0.318;6:0.281;1:0.268,Sunscreen:0.687;Beach towel:0.659;Swimsuits:0.646;Sunglasses:0.617;Flip-flops:0.575;Travel pillow:0.341;Travel pillow:0.320;Rain jacket:0.318;Snacks for transit:0.281;Medications:0.268,Miami,Spring,Cold
641,4;5;45;47;48,Notebook + pen;Reusable shopping bag;Swimsuits;Beach towel;Sunglasses,45;46;47;48,Swimsuits;Flip-flops;Beach towel;Sunglasses,46:0.657;48:0.567;47:0.543;45:0.528;49:0.467;6:0.356;9:0.344;8:0.272;2:0.256;10:0.248,Flip-flops:0.657;Sunglasses:0.567;Beach towel:0.543;Swimsuits:0.528;Sunscreen:0.467;Snacks for transit:0.356;Rain jacket:0.344;Umbrella:0.272;Travel pillow:0.256;Travel pillow:0.248,Outer Banks,Summer,Cold
715,5;9;63;72,Reusable shopping bag;Rain jacket;Quick-dry pants / shorts;Bug spray / insect repellent,63;72,Quick-dry pants / shorts;Bug spray / insect repellent,72:0.607;63:0.574;69:0.474;2:0.360;10:0.359;9:0.347;3:0.311;6:0.262;8:0.254;4:0.231,Bug spray / insect repellent:0.607;Quick-dry pants / shorts:0.574;Headlamp / flashlight:0.474;Travel pillow:0.360;Travel pillow:0.359;Rain jacket:0.347;Guidebook / downloaded maps:0.311;Snacks for transit:0.262;Umbrella:0.254;Notebook + pen:0.231,Grand Canyon,Winter,Dry
281,1;8;80;82;87,Medications;Umbrella;Thermal base layers (top & bottom);Ski gloves / mittens;Beanie / winter hat,78;80;82;87;88,Ski jacket;Thermal base layers (top & bottom);Ski gloves / mittens;Beanie / winter hat;Snow boots,87:0.720;88:0.652;80:0.609;78:0.602;82:0.511;10:0.388;2:0.385;5:0.363;1:0.320;8:0.250,Beanie / winter hat:0.720;Snow boots:0.652;Thermal base layers (top & bottom):0.609;Ski jacket:0.602;Ski gloves / mittens:0.511;Travel pillow:0.388;Travel pillow:0.385;Reusable shopping bag:0.363;Medications:0.320;Umbrella:0.250,Lake Tahoe,Winter,Dry
393,4;6;69,Notebook + pen;Snacks for transit;Headlamp / flashlight,63;69;72,Quick-dry pants / shorts;Headlamp / flashlight;Bug spray / insect repellent,63:0.715;72:0.597;69:0.541;5:0.406;9:0.388;1:0.264;8:0.210;2:0.204;4:0.201;10:0.195,Quick-dry pants / shorts:0.715;Bug spray / insect repellent:0.597;Headlamp / flashlight:0.541;Reusable shopping bag:0.406;Rain jacket:0.388;Medications:0.264;Umbrella:0.210;Travel pillow:0.204;Notebook + pen:0.201;Travel pillow:0.195,Yellowstone,Summer,Snowy
628,5;8;46;48;49,Reusable shopping bag;Umbrella;Flip-flops;Sunglasses;Sunscreen,45;46;47;48;49,Swimsuits;Flip-flops;Beach towel;Sunglasses;Sunscreen,45:0.697;47:0.620;48:0.596;46:0.558;49:0.517;5:0.350;2:0.293;1:0.293;10:0.278;9:0.270,Swimsuits:0.697;Beach towel:0.620;Sunglasses:0.596;Flip-flops:0.558;Sunscreen:0.517;Reusable shopping bag:0.350;Travel pillow:0.293;Medications:0.293;Travel pillow:0.278;Rain jacket:0.270,Orlando,Spring,Sunny
608,2;3;10;63;69,Travel pillow;Guidebook / downloaded maps;Travel pillow;Quick-dry pants / shorts;Headlamp / flashlight,63;69;72,Quick-dry pants / shorts;Headlamp / flashlight;Bug spray / insect repellent,63:0.713;72:0.622;69:0.594;9:0.348;4:0.330;1:0.280;10:0.234;2:0.230;8:0.197;6:0.182,Quick-dry pants / shorts:0.713;Bug spray / insect repellent:0.622;Headlamp / flashlight:0.594;Rain jacket:0.348;Notebook + pen:0.330;Medications:0.280;Travel pillow:0.234;Travel pillow:0.230;Umbrella:0.197;Snacks for transit:0.182,Grand Canyon,Spring,Sunny
705,3;8;45;48;49,Guidebook / downloaded maps;Umbrella;Swimsuits;Sunglasses;Sunscreen,45;47;48;49,Swimsuits;Beach towel;Sunglasses;Sunscreen,49:0.691;45:0.667;48:0.628;47:0.585;46:0.424;4:0.405;3:0.361;1:0.350;9:0.302;10:0.300,Sunscreen:0.691;Swimsuits:0.667;Sunglasses:0.628;Beach towel:0.585;Flip-flops:0.424;Notebook + pen:0.405;Guidebook / downloaded maps:0.361;Medications:0.350;Rain jacket:0.302;Travel pillow:0.300,Miami,Winter,Rainy
754,1;2;10;69;72,Medications;Travel pillow;Travel pillow;Headlamp / flashlight;Bug spray / insect repellent,,,69:0.493;72:0.479;63:0.448;1:0.341;3:0.329;4:0.325;8:0.296;9:0.254;2:0.247;10:0.239,Headlamp / flashlight:0.493;Bug spray / insect repellent:0.479;Quick-dry pants / shorts:0.448;Medications:0.341;Guidebook / downloaded maps:0.329;Notebook + pen:0.325;Umbrella:0.296;Rain jacket:0.254;Travel pillow:0.247;Travel pillow:0.239,Grand Canyon,Winter,Rainy
54,2;5;10;78;82;88,Travel pillow;Reusable shopping bag;Travel pillow;Ski jacket;Ski gloves / mittens;Snow boots,78;80;82;87;88,Ski jacket;Thermal base layers (top & bottom);Ski gloves / mittens;Beanie / winter hat;Snow boots,87:0.711;78:0.709;80:0.630;88:0.555;82:0.554;5:0.384;10:0.365;2:0.363;1:0.307;6:0.238,Beanie / winter hat:0.711;Ski jacket:0.709;Thermal base layers (top & bottom):0.630;Snow boots:0.555;Ski gloves / mittens:0.554;Reusable shopping bag:0.384;Travel pillow:0.365;Travel pillow:0.363;Medications:0.307;Snacks for transit:0.238,Lake Tahoe,Spring,Snowy
750,5;9;47;48;49,Reusable shopping bag;Rain jacket;Beach towel;Sunglasses;Sunscreen,45;46;47;49,Swimsuits;Flip-flops;Beach towel;Sunscreen,49:0.634;46:0.573;45:0.550;47:0.517;48:0.495;9:0.355;6:0.326;1:0.299;3:0.252;10:0.242,Sunscreen:0.634;Flip-flops:0.573;Swimsuits:0.550;Beach towel:0.517;Sunglasses:0.495;Rain jacket:0.355;Snacks for transit:0.326;Medications:0.299;Guidebook / downloaded maps:0.252;Travel pillow:0.242,Miami,Summer,Humid
155,1;5;8;9,Medications;Reusable shopping bag;Umbrella;Rain jacket,1;2;3;6;9;10,Medications;Travel pillow;Guidebook / downloaded maps;Snacks for transit;Rain jacket;Travel pillow,3:0.678;6:0.630;9:0.613;1:0.594;10:0.547;2:0.544;5:0.441;8:0.427;4:0.378;72:0.017,Guidebook / downloaded maps:0.678;Snacks for transit:0.630;Rain jacket:0.613;Medications:0.594;Travel pillow:0.547;Travel pillow:0.544;Reusable shopping bag:0.441;Umbrella:0.427;Notebook + pen:0.378;Bug spray / insect repellent:0.017,New York City,Summer,Humid
432,1;3;4;8,Medications;Guidebook / downloaded maps;Notebook + pen;Umbrella,1;2;3;5;6;9;10,Medications;Travel pillow;Guidebook / downloaded maps;Reusable shopping bag;Snacks for transit;Rain jacket;Travel pillow,9:0.638;10:0.636;1:0.626;2:0.617;3:0.583;5:0.536;6:0.528;4:0.463;8:0.415;69:0.015,Rain jacket:0.638;Travel pillow:0.636;Medications:0.626;Travel pillow:0.617;Guidebook / downloaded maps:0.583;Reusable shopping bag:0.536;Snacks for transit:0.528;Notebook + pen:0.463;Umbrella:0.415;Headlamp / flashlight:0.015,New York City,Winter,Humid
97,2;8;10;63;69;72,Travel pillow;Umbrella;Travel pillow;Quick-dry pants / shorts;Headlamp / flashlight;Bug spray / insect repellent,63;69;72,Quick-dry pants / shorts;Headlamp / flashlight;Bug spray / insect repellent,72:0.597;63:0.584;69:0.569;4:0.456;9:0.363;1:0.305;10:0.255;2:0.234;5:0.220;3:0.217,Bug spray / insect repellent:0.597;Quick-dry pants / shorts:0.584;Headlamp / flashlight:0.569;Notebook + pen:0.456;Rain jacket:0.363;Medications:0.305;Travel pillow:0.255;Travel pillow:0.234;Reusable shopping bag:0.220;Guidebook / downloaded maps:0.217,Yosemite,Fall,Rainy
120,1;5;45;48;49,Medications;Reusable shopping bag;Swimsuits;Sunglasses;Sunscreen,46;47;48;49,Flip-flops;Beach towel;Sunglasses;Sunscreen,46:0.682;47:0.666;49:0.641;48:0.613;10:0.489;2:0.487;45:0.336;6:0.310;1:0.294;3:0.285,Flip-flops:0.682;Beach towel:0.666;Sunscreen:0.641;Sunglasses:0.613;Travel pillow:0.489;Travel pillow:0.487;Swimsuits:0.336;Snacks for transit:0.310;Medications:0.294;Guidebook / downloaded maps:0.285,Outer Banks,Spring,Humid
76,2;5;6;8;9;10,Travel pillow;Reusable shopping bag;Snacks for transit;Umbrella;Rain jacket;Travel pillow,1;2;3;6;9;10,Medications;Travel pillow;Guidebook / downloaded maps;Snacks for transit;Rain jacket;Travel pillow,9:0.685;6:0.632;2:0.629;10:0.622;3:0.591;1:0.559;5:0.442;4:0.372;8:0.339;72:0.018,Rain jacket:0.685;Snacks for transit:0.632;Travel pillow:0.629;Travel pillow:0.622;Guidebook / downloaded maps:0.591;Medications:0.559;Reusable shopping bag:0.442;Notebook + pen:0.372;Umbrella:0.339;Bug spray / insect repellent:0.018,New York City,Spring,Hot
204,6;9;63,Snacks for transit;Rain jacket;Quick-dry pants / shorts,63;72,Quick-dry pants / shorts;Bug spray / insect repellent,72:0.650;63:0.613;9:0.388;69:0.349;4:0.263;6:0.248;1:0.237;3:0.228;5:0.220;8:0.201,Bug spray / insect repellent:0.650;Quick-dry pants / shorts:0.613;Rain jacket:0.388;Headlamp / flashlight:0.349;Notebook + pen:0.263;Snacks for transit:0.248;Medications:0.237;Guidebook / downloaded maps:0.228;Reusable shopping bag:0.220;Umbrella:0.201,Grand Canyon,Summer,Snowy
352,6;8;46;48;49,Snacks for transit;Umbrella;Flip-flops;Sunglasses;Sunscreen,45;46;48;49,Swimsuits;Flip-flops;Sunglasses;Sunscreen,46:0.617;49:0.598;45:0.583;48:0.570;47:0.399;5:0.388;6:0.376;9:0.363;2:0.285;10:0.281,Flip-flops:0.617;Sunscreen:0.598;Swimsuits:0.583;Sunglasses:0.570;Beach towel:0.399;Reusable shopping bag:0.388;Snacks for transit:0.376;Rain jacket:0.363;Travel pillow:0.285;Travel pillow:0.281,Orlando,Fall,Snowy
764,1;3;63;69,Medications;Guidebook / downloaded maps;Quick-dry pants / shorts;Headlamp / flashlight,72,Bug spray / insect repellent,72:0.632;9:0.428;63:0.375;69:0.359;8:0.324;5:0.309;1:0.272;6:0.207;3:0.175;4:0.165,Bug spray / insect repellent:0.632;Rain jacket:0.428;Quick-dry pants / shorts:0.375;Headlamp / flashlight:0.359;Umbrella:0.324;Reusable shopping bag:0.309;Medications:0.272;Snacks for transit:0.207;Guidebook / downloaded maps:0.175;Notebook + pen:0.165,Yellowstone,Summer,Hot
208,2;3;4;5;8;10,Travel pillow;Guidebook / downloaded maps;Notebook + pen;Reusable shopping bag;Umbrella;Travel pillow,1;3;4;6;9,Medications;Guidebook / downloaded maps;Notebook + pen;Snacks for transit;Rain jacket,6:0.672;1:0.624;9:0.584;4:0.520;3:0.517;5:0.479;2:0.467;8:0.455;10:0.452;72:0.013,Snacks for transit:0.672;Medications:0.624;Rain jacket:0.584;Notebook + pen:0.520;Guidebook / downloaded maps:0.517;Reusable shopping bag:0.479;Travel pillow:0.467;Umbrella:0.455;Travel pillow:0.452;Bug spray / insect repellent:0.013,Chicago,Fall,Sunny
367,1;6;46;47;49,Medications;Snacks for transit;Flip-flops;Beach towel;Sunscreen,45;46;47;48,Swimsuits;Flip-flops;Beach towel;Sunglasses,46:0.673;45:0.625;48:0.592;47:0.533;49:0.488;5:0.444;9:0.347;2:0.306;6:0.300;10:0.279,Flip-flops:0.673;Swimsuits:0.625;Sunglasses:0.592;Beach towel:0.533;Sunscreen:0.488;Reusable shopping bag:0.444;Rain jacket:0.347;Travel pillow:0.306;Snacks for transit:0.300;Travel pillow:0.279,Orlando,Summer,Dry
425,4;8;78;82;88,Notebook + pen;Umbrella;Ski jacket;Ski gloves / mittens;Snow boots,78;80;87;88,Ski jacket;Thermal base layers (top & bottom);Beanie / winter hat;Snow boots,87:0.701;88:0.627;78:0.561;80:0.528;5:0.380;1:0.369;82:0.368;8:0.336;9:0.254;4:0.213,Beanie / winter hat:0.701;Snow boots:0.627;Ski jacket:0.561;Thermal base layers (top & bottom):0.528;Reusable shopping bag:0.380;Medications:0.369;Ski gloves / mittens:0.368;Umbrella:0.336;Rain jacket:0.254;Notebook + pen:0.213,Lake Tahoe,Summer,Hot
515,1;4;63;72,Medications;Notebook + pen;Quick-dry pants / shorts;Bug spray / insect repellent,63;69;72,Quick-dry pants / shorts;Headlamp / flashlight;Bug spray / insect repellent,72:0.647;69:0.627;63:0.585;5:0.373;10:0.371;2:0.350;1:0.287;9:0.285;8:0.203;3:0.184,Bug spray / insect repellent:0.647;Headlamp / flashlight:0.627;Quick-dry pants / shorts:0.585;Reusable shopping bag:0.373;Travel pillow:0.371;Travel pillow:0.350;Medications:0.287;Rain jacket:0.285;Umbrella:0.203;Guidebook / downloaded maps:0.184,Grand Canyon,Spring,Snowy
84,2;4;10;46;47;48,Travel pillow;Notebook + pen;Travel pillow;Flip-flops;Beach towel;Sunglasses,45;46;47;48;49,Swimsuits;Flip-flops;Beach towel;Sunglasses;Sunscreen,49:0.737;48:0.717;45:0.626;47:0.572;46:0.520;2:0.447;10:0.445;9:0.325;6:0.286;5:0.252,Sunscreen:0.737;Sunglasses:0.717;Swimsuits:0.626;Beach towel:0.572;Flip-flops:0.520;Travel pillow:0.447;Travel pillow:0.445;Rain jacket:0.325;Snacks for transit:0.286;Reusable shopping bag:0.252,Miami,Winter,Dry
10,5;9;46;48;49,Reusable shopping bag;Rain jacket;Flip-flops;Sunglasses;Sunscreen,45;46;47;48;49,Swimsuits;Flip-flops;Beach towel;Sunglasses;Sunscreen,45:0.627;46:0.612;47:0.573;49:0.550;48:0.522;5:0.366;1:0.347;2:0.275;10:0.268;6:0.268,Swimsuits:0.627;Flip-flops:0.612;Beach towel:0.573;Sunscreen:0.550;Sunglasses:0.522;Reusable shopping bag:0.366;Medications:0.347;Travel pillow:0.275;Travel pillow:0.268;Snacks for transit:0.268,Orlando,Spring,Humid
720,3;9;72,Guidebook / downloaded maps;Rain jacket;Bug spray / insect repellent,63;69;72,Quick-dry pants / shorts;Headlamp / flashlight;Bug spray / insect repellent,63:0.674;72:0.620;69:0.611;4:0.343;1:0.331;9:0.317;3:0.316;8:0.214;2:0.196;10:0.192,Quick-dry pants / shorts:0.674;Bug spray / insect repellent:0.620;Headlamp / flashlight:0.611;Notebook + pen:0.343;Medications:0.331;Rain jacket:0.317;Guidebook / downloaded maps:0.316;Umbrella:0.214;Travel pillow:0.196;Travel pillow:0.192,Yellowstone,Winter,Mild
110,2;3;10;80;82;87,Travel pillow;Guidebook / downloaded maps;Travel pillow;Thermal base layers (top & bottom);Ski gloves / mittens;Beanie / winter hat,78,Ski jacket,78:0.569;87:0.497;88:0.472;80:0.419;3:0.381;1:0.343;82:0.319;4:0.253;6:0.233;2:0.230,Ski jacket:0.569;Beanie / winter hat:0.497;Snow boots:0.472;Thermal base layers (top & bottom):0.419;Guidebook / downloaded maps:0.381;Medications:0.343;Ski gloves / mittens:0.319;Notebook + pen:0.253;Snacks for transit:0.233;Travel pillow:0.230,Aspen,Winter,Humid
521,2;3;10;47;48;49,Travel pillow;Guidebook / downloaded maps;Travel pillow;Beach towel;Sunglasses;Sunscreen,45;47;48;49,Swimsuits;Beach towel;Sunglasses;Sunscreen,45:0.819;47:0.577;49:0.559;48:0.547;46:0.393;1:0.322;6:0.288;9:0.270;10:0.250;8:0.233,Swimsuits:0.819;Beach towel:0.577;Sunscreen:0.559;Sunglasses:0.547;Flip-flops:0.393;Medications:0.322;Snacks for transit:0.288;Rain jacket:0.270;Travel pillow:0.250;Umbrella:0.233,Miami,Winter,Mild
777,1;5;6;9,Medications;Reusable shopping bag;Snacks for transit;Rain jacket,1;3;6;9,Medications;Guidebook / downloaded maps;Snacks for transit;Rain jacket,9:0.659;6:0.593;1:0.528;3:0.527;2:0.461;10:0.459;5:0.434;4:0.384;8:0.361;72:0.015,Rain jacket:0.659;Snacks for transit:0.593;Medications:0.528;Guidebook / downloaded maps:0.527;Travel pillow:0.461;Travel pillow:0.459;Reusable shopping bag:0.434;Notebook + pen:0.384;Umbrella:0.361;Bug spray / insect repellent:0.015,Chicago,Spring,Hot
209,2;4;6;8;10,Travel pillow;Notebook + pen;Snacks for transit;Umbrella;Travel pillow,1;4;9,Medications;Notebook + pen;Rain jacket,9:0.680;4:0.663;1:0.541;3:0.468;5:0.392;8:0.373;6:0.368;10:0.294;2:0.272;87:0.013,Rain jacket:0.680;Notebook + pen:0.663;Medications:0.541;Guidebook / downloaded maps:0.468;Reusable shopping bag:0.392;Umbrella:0.373;Snacks for transit:0.368;Travel pillow:0.294;Travel pillow:0.272;Beanie / winter hat:0.013,Chicago,Summer,Rainy
235,5;8;63;72,Reusable shopping bag;Umbrella;Quick-dry pants / shorts;Bug spray / insect repellent,63;69;72,Quick-dry pants / shorts;Headlamp / flashlight;Bug spray / insect repellent,69:0.660;63:0.589;72:0.578;9:0.352;5:0.338;1:0.329;4:0.271;10:0.242;2:0.235;8:0.199,Headlamp / flashlight:0.660;Quick-dry pants / shorts:0.589;Bug spray / insect repellent:0.578;Rain jacket:0.352;Reusable shopping bag:0.338;Medications:0.329;Notebook + pen:0.271;Travel pillow:0.242;Travel pillow:0.235;Umbrella:0.199,Yellowstone,Spring,Sunny
316,3;9;80;87;88,Guidebook / downloaded maps;Rain jacket;Thermal base layers (top & bottom);Beanie / winter hat;Snow boots,80;87;88,Thermal base layers (top & bottom);Beanie / winter hat;Snow boots,87:0.677;80:0.625;88:0.588;78:0.436;8:0.423;1:0.329;4:0.292;9:0.257;82:0.250;3:0.242,Beanie / winter hat:0.677;Thermal base layers (top & bottom):0.625;Snow boots:0.588;Ski jacket:0.436;Umbrella:0.423;Medications:0.329;Notebook + pen:0.292;Rain jacket:0.257;Ski gloves / mittens:0.250;Guidebook / downloaded maps:0.242,Aspen,Summer,Cold
388,2;3;10;78;87;88,Travel pillow;Guidebook / downloaded maps;Travel pillow;Ski jacket;Beanie / winter hat;Snow boots,80;87;88,Thermal base layers (top & bottom);Beanie / winter hat;Snow boots,88:0.673;80:0.625;87:0.609;82:0.483;78:0.471;8:0.407;10:0.344;2:0.319;1:0.291;9:0.223,Snow boots:0.673;Thermal base layers (top & bottom):0.625;Beanie / winter hat:0.609;Ski gloves / mittens:0.483;Ski jacket:0.471;Umbrella:0.407;Travel pillow:0.344;Travel pillow:0.319;Medications:0.291;Rain jacket:0.223,Aspen,Winter,Sunny
118,6;9;78;80;88,Snacks for transit;Rain jacket;Ski jacket;Thermal base layers (top & bottom);Snow boots,78;88,Ski jacket;Snow boots,78:0.652;88:0.638;87:0.479;80:0.434;82:0.423;1:0.336;8:0.270;4:0.268;9:0.241;3:0.196,Ski jacket:0.652;Snow boots:0.638;Beanie / winter hat:0.479;Thermal base layers (top & bottom):0.434;Ski gloves / mittens:0.423;Medications:0.336;Umbrella:0.270;Notebook + pen:0.268;Rain jacket:0.241;Guidebook / downloaded maps:0.196,Aspen,Summer,Mild
719,1;4;5;6;8,Medications;Notebook + pen;Reusable shopping bag;Snacks for transit;Umbrella,1;3;4;6;9,Medications;Guidebook / downloaded maps;Notebook + pen;Snacks for transit;Rain jacket,9:0.713;4:0.631;6:0.576;3:0.547;1:0.540;8:0.437;5:0.382;10:0.329;2:0.314;72:0.011,Rain jacket:0.713;Notebook + pen:0.631;Snacks for transit:0.576;Guidebook / downloaded maps:0.547;Medications:0.540;Umbrella:0.437;Reusable shopping bag:0.382;Travel pillow:0.329;Travel pillow:0.314;Bug spray / insect repellent:0.011,Chicago,Summer,Rainy
210,2;6;10;46;47;49,Travel pillow;Snacks for transit;Travel pillow;Flip-flops;Beach towel;Sunscreen,45;46;47;48;49,Swimsuits;Flip-flops;Beach towel;Sunglasses;Sunscreen,49:0.726;48:0.721;46:0.625;45:0.617;47:0.529;10:0.413;2:0.401;6:0.322;5:0.303;9:0.282,Sunscreen:0.726;Sunglasses:0.721;Flip-flops:0.625;Swimsuits:0.617;Beach towel:0.529;Travel pillow:0.413;Travel pillow:0.401;Snacks for transit:0.322;Reusable shopping bag:0.303;Rain jacket:0.282,Miami,Fall,Snowy
254,3;6;63,Guidebook / downloaded maps;Snacks for transit;Quick-dry pants / shorts,72,Bug spray / insect repellent,72:0.509;69:0.487;63:0.478;9:0.412;4:0.292;8:0.288;6:0.278;1:0.267;5:0.264;3:0.260,Bug spray / insect repellent:0.509;Headlamp / flashlight:0.487;Quick-dry pants / shorts:0.478;Rain jacket:0.412;Notebook + pen:0.292;Umbrella:0.288;Snacks for transit:0.278;Medications:0.267;Reusable shopping bag:0.264;Guidebook / downloaded maps:0.260,Yellowstone,Winter,Cold
591,1;2;4;5;6;10,Medications;Travel pillow;Notebook + pen;Reusable shopping bag;Snacks for transit;Travel pillow,1;2;3;5;6;9;10,Medications;Travel pillow;Guidebook / downloaded maps;Reusable shopping bag;Snacks for transit;Rain jacket;Travel pillow,1:0.633;5:0.609;9:0.572;6:0.546;2:0.540;3:0.516;10:0.512;8:0.440;4:0.439;69:0.016,Medications:0.633;Reusable shopping bag:0.609;Rain jacket:0.572;Snacks for transit:0.546;Travel pillow:0.540;Guidebook / downloaded maps:0.516;Travel pillow:0.512;Umbrella:0.440;Notebook + pen:0.439;Headlamp / flashlight:0.016,New York City,Fall,Hot
29,6;9;78;87;88,Snacks for transit;Rain jacket;Ski jacket;Beanie / winter hat;Snow boots,78;80;88,Ski jacket;Thermal base layers (top & bottom);Snow boots,78:0.687;88:0.621;80:0.550;82:0.448;4:0.432;87:0.411;3:0.346;9:0.317;6:0.277;1:0.257,Ski jacket:0.687;Snow boots:0.621;Thermal base layers (top & bottom):0.550;Ski gloves / mittens:0.448;Notebook + pen:0.432;Beanie / winter hat:0.411;Guidebook / downloaded maps:0.346;Rain jacket:0.317;Snacks for transit:0.277;Medications:0.257,Aspen,Winter,Rainy
266,5;6;69,Reusable shopping bag;Snacks for transit;Headlamp / flashlight,69;72,Headlamp / flashlight;Bug spray / insect repellent,72:0.620;69:0.527;9:0.360;63:0.329;1:0.312;5:0.286;4:0.277;8:0.275;2:0.198;10:0.198,Bug spray / insect repellent:0.620;Headlamp / flashlight:0.527;Rain jacket:0.360;Quick-dry pants / shorts:0.329;Medications:0.312;Reusable shopping bag:0.286;Notebook + pen:0.277;Umbrella:0.275;Travel pillow:0.198;Travel pillow:0.198,Grand Canyon,Fall,Hot
656,6;9;45;47;48,Snacks for transit;Rain jacket;Swimsuits;Beach towel;Sunglasses,45;46;47;48;49,Swimsuits;Flip-flops;Beach towel;Sunglasses;Sunscreen,49:0.675;48:0.665;45:0.634;46:0.591;47:0.579;6:0.351;10:0.336;9:0.333;2:0.325;4:0.239,Sunscreen:0.675;Sunglasses:0.665;Swimsuits:0.634;Flip-flops:0.591;Beach towel:0.579;Snacks for transit:0.351;Travel pillow:0.336;Rain jacket:0.333;Travel pillow:0.325;Notebook + pen:0.239,Miami,Fall,Cold
662,1;2;10;69;72,Medications;Travel pillow;Travel pillow;Headlamp / flashlight;Bug spray / insect repellent,72,Bug spray / insect repellent,72:0.528;69:0.437;63:0.402;4:0.400;9:0.367;1:0.279;3:0.276;6:0.220;5:0.220;8:0.218,Bug spray / insect repellent:0.528;Headlamp / flashlight:0.437;Quick-dry pants / shorts:0.402;Notebook + pen:0.400;Rain jacket:0.367;Medications:0.279;Guidebook / downloaded maps:0.276;Snacks for transit:0.220;Reusable shopping bag:0.220;Umbrella:0.218,Yellowstone,Winter,Rainy
296,2;5;10;45;46;49,Travel pillow;Reusable shopping bag;Travel pillow;Swimsuits;Flip-flops;Sunscreen,45;46;47;48;49,Swimsuits;Flip-flops;Beach towel;Sunglasses;Sunscreen,49:0.689;45:0.684;48:0.622;47:0.621;46:0.509;10:0.348;9:0.337;2:0.315;4:0.293;1:0.263,Sunscreen:0.689;Swimsuits:0.684;Sunglasses:0.622;Beach towel:0.621;Flip-flops:0.509;Travel pillow:0.348;Rain jacket:0.337;Travel pillow:0.315;Notebook + pen:0.293;Medications:0.263,Miami,Spring,Rainy
81,1;4;6;9,Medications;Notebook + pen;Snacks for transit;Rain jacket,2;3;6;9;10,Travel pillow;Guidebook / downloaded maps;Snacks for transit;Rain jacket;Travel pillow,3:0.733;6:0.721;2:0.715;10:0.697;9:0.643;1:0.460;4:0.422;8:0.378;5:0.363;49:0.019,Guidebook / downloaded maps:0.733;Snacks for transit:0.721;Travel pillow:0.715;Travel pillow:0.697;Rain jacket:0.643;Medications:0.460;Notebook + pen:0.422;Umbrella:0.378;Reusable shopping bag:0.363;Sunscreen:0.019,New York City,Winter,Dry
688,1;4;45;46;48,Medications;Notebook + pen;Swimsuits;Flip-flops;Sunglasses,46;48;49,Flip-flops;Sunglasses;Sunscreen,46:0.659;49:0.622;48:0.615;47:0.479;45:0.407;6:0.396;9:0.366;2:0.322;10:0.321;3:0.290,Flip-flops:0.659;Sunscreen:0.622;Sunglasses:0.615;Beach towel:0.479;Swimsuits:0.407;Snacks for transit:0.396;Rain jacket:0.366;Travel pillow:0.322;Travel pillow:0.321;Guidebook / downloaded maps:0.290,Outer Banks,Summer,Snowy
302,2;3;10;82;87;88,Travel pillow;Guidebook / downloaded maps;Travel pillow;Ski gloves / mittens;Beanie / winter hat;Snow boots,78;80;87;88,Ski jacket;Thermal base layers (top & bottom);Beanie / winter hat;Snow boots,88:0.691;87:0.680;80:0.627;78:0.507;82:0.423;9:0.384;5:0.379;8:0.327;1:0.318;4:0.268,Snow boots:0.691;Beanie / winter hat:0.680;Thermal base layers (top & bottom):0.627;Ski jacket:0.507;Ski gloves / mittens:0.423;Rain jacket:0.384;Reusable shopping bag:0.379;Umbrella:0.327;Medications:0.318;Notebook + pen:0.268,Lake Tahoe,Summer,Hot
506,1;3;5;8;9,Medications;Guidebook / downloaded maps;Reusable shopping bag;Umbrella;Rain jacket,1;2;3;6;9;10,Medications;Travel pillow;Guidebook / downloaded maps;Snacks for transit;Rain jacket;Travel pillow,6:0.696;9:0.607;3:0.604;1:0.584;10:0.519;2:0.503;5:0.471;8:0.417;4:0.395;72:0.021,Snacks for transit:0.696;Rain jacket:0.607;Guidebook / downloaded maps:0.604;Medications:0.584;Travel pillow:0.519;Travel pillow:0.503;Reusable shopping bag:0.471;Umbrella:0.417;Notebook + pen:0.395;Bug spray / insect repellent:0.021,Chicago,Fall,Humid
758,4;9;82;87;88,Notebook + pen;Rain jacket;Ski gloves / mittens;Beanie / winter hat;Snow boots,78;80;82;87;88,Ski jacket;Thermal base layers (top & bottom);Ski gloves / mittens;Beanie / winter hat;Snow boots,87:0.646;88:0.637;80:0.586;78:0.556;82:0.547;10:0.406;2:0.371;8:0.314;1:0.289;6:0.207,Beanie / winter hat:0.646;Snow boots:0.637;Thermal base layers (top & bottom):0.586;Ski jacket:0.556;Ski gloves / mittens:0.547;Travel pillow:0.406;Travel pillow:0.371;Umbrella:0.314;Medications:0.289;Snacks for transit:0.207,Aspen,Spring,Sunny
314,3;5;6;9,Guidebook / downloaded maps;Reusable shopping bag;Snacks for transit;Rain jacket,1;2;3;6;9;10,Medications;Travel pillow;Guidebook / downloaded maps;Snacks for transit;Rain jacket;Travel pillow,9:0.696;6:0.625;3:0.610;2:0.563;10:0.552;1:0.504;5:0.470;4:0.437;8:0.356;63:0.016,Rain jacket:0.696;Snacks for transit:0.625;Guidebook / downloaded maps:0.610;Travel pillow:0.563;Travel pillow:0.552;Medications:0.504;Reusable shopping bag:0.470;Notebook + pen:0.437;Umbrella:0.356;Quick-dry pants / shorts:0.016,New York City,Summer,Snowy
644,4;5;8;9,Notebook + pen;Reusable shopping bag;Umbrella;Rain jacket,1;2;5;6;9;10,Medications;Travel pillow;Reusable shopping bag;Snacks for transit;Rain jacket;Travel pillow,5:0.622;9:0.621;10:0.579;2:0.557;1:0.530;6:0.514;3:0.459;4:0.436;8:0.375;48:0.014,Reusable shopping bag:0.622;Rain jacket:0.621;Travel pillow:0.579;Travel pillow:0.557;Medications:0.530;Snacks for transit:0.514;Guidebook / downloaded maps:0.459;Notebook + pen:0.436;Umbrella:0.375;Sunglasses:0.014,Chicago,Fall,Snowy
409,1;9;47;48;49,Medications;Rain jacket;Beach towel;Sunglasses;Sunscreen,9;45;46;48;49,Rain jacket;Swimsuits;Flip-flops;Sunglasses;Sunscreen,49:0.639;48:0.607;45:0.532;46:0.527;9:0.506;47:0.498;5:0.379;2:0.369;10:0.315;6:0.262,Sunscreen:0.639;Sunglasses:0.607;Swimsuits:0.532;Flip-flops:0.527;Rain jacket:0.506;Beach towel:0.498;Reusable shopping bag:0.379;Travel pillow:0.369;Travel pillow:0.315;Snacks for transit:0.262,Orlando,Spring,Hot
211,6;8;69,Snacks for transit;Umbrella;Headlamp / flashlight,63;72,Quick-dry pants / shorts;Bug spray / insect repellent,72:0.668;63:0.514;69:0.469;3:0.362;5:0.303;10:0.268;1:0.267;2:0.258;6:0.250;9:0.248,Bug spray / insect repellent:0.668;Quick-dry pants / shorts:0.514;Headlamp / flashlight:0.469;Guidebook / downloaded maps:0.362;Reusable shopping bag:0.303;Travel pillow:0.268;Medications:0.267;Travel pillow:0.258;Snacks for transit:0.250;Rain jacket:0.248,Yellowstone,Fall,Snowy
532,1;5;63;69,Medications;Reusable shopping bag;Quick-dry pants / shorts;Headlamp / flashlight,69;72,Headlamp / flashlight;Bug spray / insect repellent,69:0.549;72:0.506;63:0.494;4:0.363;9:0.317;1:0.290;3:0.289;8:0.249;5:0.228;10:0.206,Headlamp / flashlight:0.549;Bug spray / insect repellent:0.506;Quick-dry pants / shorts:0.494;Notebook + pen:0.363;Rain jacket:0.317;Medications:0.290;Guidebook / downloaded maps:0.289;Umbrella:0.249;Reusable shopping bag:0.228;Travel pillow:0.206,Yellowstone,Winter,Rainy
483,2;5;10;80;82;88,Travel pillow;Reusable shopping bag;Travel pillow;Thermal base layers (top & bottom);Ski gloves / mittens;Snow boots,78;80;82;87;88,Ski jacket;Thermal base layers (top & bottom);Ski gloves / mittens;Beanie / winter hat;Snow boots,78:0.721;80:0.703;87:0.609;88:0.600;82:0.597;3:0.334;10:0.314;2:0.296;1:0.294;6:0.271,Ski jacket:0.721;Thermal base layers (top & bottom):0.703;Beanie / winter hat:0.609;Snow boots:0.600;Ski gloves / mittens:0.597;Guidebook / downloaded maps:0.334;Travel pillow:0.314;Travel pillow:0.296;Medications:0.294;Snacks for transit:0.271,Aspen,Fall,Snowy
218,6;8;45;46;48,Snacks for transit;Umbrella;Swimsuits;Flip-flops;Sunglasses,45;46;47;48;49,Swimsuits;Flip-flops;Beach towel;Sunglasses;Sunscreen,45:0.680;48:0.657;49:0.593;46:0.568;47:0.511;9:0.402;6:0.378;4:0.280;3:0.256;2:0.248,Swimsuits:0.680;Sunglasses:0.657;Sunscreen:0.593;Flip-flops:0.568;Beach towel:0.511;Rain jacket:0.402;Snacks for transit:0.378;Notebook + pen:0.280;Guidebook / downloaded maps:0.256;Travel pillow:0.248,Orlando,Winter,Sunny
7,3;5;69,Guidebook / downloaded maps;Reusable shopping bag;Headlamp / flashlight,72,Bug spray / insect repellent,72:0.637;63:0.449;69:0.409;6:0.334;9:0.321;3:0.295;1:0.259;5:0.240;2:0.233;10:0.228,Bug spray / insect repellent:0.637;Quick-dry pants / shorts:0.449;Headlamp / flashlight:0.409;Snacks for transit:0.334;Rain jacket:0.321;Guidebook / downloaded maps:0.295;Medications:0.259;Reusable shopping bag:0.240;Travel pillow:0.233;Travel pillow:0.228,Yellowstone,Spring,Cold
464,1;9;45;48;49,Medications;Rain jacket;Swimsuits;Sunglasses;Sunscreen,45;46;47;49,Swimsuits;Flip-flops;Beach towel;Sunscreen,49:0.682;46:0.581;45:0.528;47:0.527;48:0.489;4:0.347;6:0.328;10:0.289;3:0.286;9:0.285,Sunscreen:0.682;Flip-flops:0.581;Swimsuits:0.528;Beach towel:0.527;Sunglasses:0.489;Notebook + pen:0.347;Snacks for transit:0.328;Travel pillow:0.289;Guidebook / downloaded maps:0.286;Rain jacket:0.285,Miami,Fall,Rainy
101,5;6;69;72,Reusable shopping bag;Snacks for transit;Headlamp / flashlight;Bug spray / insect repellent,63;69;72,Quick-dry pants / shorts;Headlamp / flashlight;Bug spray / insect repellent,72:0.647;69:0.624;63:0.586;5:0.303;10:0.301;1:0.300;2:0.293;9:0.248;3:0.248;4:0.227,Bug spray / insect repellent:0.647;Headlamp / flashlight:0.624;Quick-dry pants / shorts:0.586;Reusable shopping bag:0.303;Travel pillow:0.301;Medications:0.300;Travel pillow:0.293;Rain jacket:0.248;Guidebook / downloaded maps:0.248;Notebook + pen:0.227,Grand Canyon,Fall,Snowy
326,4;5;6;8;9,Notebook + pen;Reusable shopping bag;Snacks for transit;Umbrella;Rain jacket,1;2;5;6;9;10,Medications;Travel pillow;Reusable shopping bag;Snacks for transit;Rain jacket;Travel pillow,9:0.767;6:0.608;5:0.576;1:0.532;2:0.530;10:0.522;8:0.459;3:0.402;4:0.351;72:0.016,Rain jacket:0.767;Snacks for transit:0.608;Reusable shopping bag:0.576;Medications:0.532;Travel pillow:0.530;Travel pillow:0.522;Umbrella:0.459;Guidebook / downloaded maps:0.402;Notebook + pen:0.351;Bug spray / insect repellent:0.016,Chicago,Spring,Hot
652,1;5;6,Medications;Reusable shopping bag;Snacks for transit,2;3;4;6;9;10,Travel pillow;Guidebook / downloaded maps;Notebook + pen;Snacks for transit;Rain jacket;Travel pillow,9:0.725;6:0.686;4:0.576;3:0.568;2:0.546;10:0.529;1:0.455;8:0.402;5:0.399;45:0.011,Rain jacket:0.725;Snacks for transit:0.686;Notebook + pen:0.576;Guidebook / downloaded maps:0.568;Travel pillow:0.546;Travel pillow:0.529;Medications:0.455;Umbrella:0.402;Reusable shopping bag:0.399;Swimsuits:0.011,New York City,Winter,Rainy
537,2;6;8;9;10,Travel pillow;Snacks for transit;Umbrella;Rain jacket;Travel pillow,1;3;4;6;9,Medications;Guidebook / downloaded maps;Notebook + pen;Snacks for transit;Rain jacket,9:0.624;1:0.590;6:0.573;3:0.529;4:0.500;8:0.409;5:0.362;10:0.335;2:0.326;72:0.015,Rain jacket:0.624;Medications:0.590;Snacks for transit:0.573;Guidebook / downloaded maps:0.529;Notebook + pen:0.500;Umbrella:0.409;Reusable shopping bag:0.362;Travel pillow:0.335;Travel pillow:0.326;Bug spray / insect repellent:0.015,Chicago,Summer,Mild
640,2;5;10;45;46;48,Travel pillow;Reusable shopping bag;Travel pillow;Swimsuits;Flip-flops;Sunglasses,45;49,Swimsuits;Sunscreen,49:0.533;45:0.518;48:0.473;46:0.473;47:0.470;6:0.293;3:0.293;1:0.283;10:0.278;9:0.267,Sunscreen:0.533;Swimsuits:0.518;Sunglasses:0.473;Flip-flops:0.473;Beach towel:0.470;Snacks for transit:0.293;Guidebook / downloaded maps:0.293;Medications:0.283;Travel pillow:0.278;Rain jacket:0.267,Miami,Summer,Dry
2,3;4;45;48;49,Guidebook / downloaded maps;Notebook + pen;Swimsuits;Sunglasses;Sunscreen,46;48;49,Flip-flops;Sunglasses;Sunscreen,49:0.675;46:0.644;48:0.622;45:0.485;47:0.463;6:0.370;3:0.332;2:0.322;9:0.299;10:0.298,Sunscreen:0.675;Flip-flops:0.644;Sunglasses:0.622;Swimsuits:0.485;Beach towel:0.463;Snacks for transit:0.370;Guidebook / downloaded maps:0.332;Travel pillow:0.322;Rain jacket:0.299;Travel pillow:0.298,Orlando,Winter,Snowy
738,4;8;80;87;88,Notebook + pen;Umbrella;Thermal base layers (top & bottom);Beanie / winter hat;Snow boots,80;87,Thermal base layers (top & bottom);Beanie / winter hat,80:0.593;87:0.552;88:0.496;78:0.423;82:0.391;4:0.323;1:0.322;5:0.302;10:0.295;2:0.294,Thermal base layers (top & bottom):0.593;Beanie / winter hat:0.552;Snow boots:0.496;Ski jacket:0.423;Ski gloves / mittens:0.391;Notebook + pen:0.323;Medications:0.322;Reusable shopping bag:0.302;Travel pillow:0.295;Travel pillow:0.294,Lake Tahoe,Winter,Snowy
776,2;6;10;47;48;49,Travel pillow;Snacks for transit;Travel pillow;Beach towel;Sunglasses;Sunscreen,45;46;47;48;49,Swimsuits;Flip-flops;Beach towel;Sunglasses;Sunscreen,45:0.753;47:0.675;48:0.624;49:0.571;46:0.527;1:0.383;10:0.332;2:0.313;3:0.293;6:0.275,Swimsuits:0.753;Beach towel:0.675;Sunglasses:0.624;Sunscreen:0.571;Flip-flops:0.527;Medications:0.383;Travel pillow:0.332;Travel pillow:0.313;Guidebook / downloaded maps:0.293;Snacks for transit:0.275,Miami,Winter,Sunny
519,8;9;47;48;49,Umbrella;Rain jacket;Beach towel;Sunglasses;Sunscreen,45;46;47;48;49,Swimsuits;Flip-flops;Beach towel;Sunglasses;Sunscreen,49:0.726;45:0.641;48:0.638;46:0.517;47:0.510;9:0.407;6:0.396;3:0.322;10:0.316;2:0.305,Sunscreen:0.726;Swimsuits:0.641;Sunglasses:0.638;Flip-flops:0.517;Beach towel:0.510;Rain jacket:0.407;Snacks for transit:0.396;Guidebook / downloaded maps:0.322;Travel pillow:0.316;Travel pillow:0.305,Miami,Winter,Humid
589,1;2;10;46;47;48,Medications;Travel pillow;Travel pillow;Flip-flops;Beach towel;Sunglasses,45;46;47;48;49,Swimsuits;Flip-flops;Beach towel;Sunglasses;Sunscreen,49:0.650;45:0.605;47:0.595;46:0.563;48:0.541;4:0.328;1:0.316;9:0.299;3:0.297;6:0.230,Sunscreen:0.650;Swimsuits:0.605;Beach towel:0.595;Flip-flops:0.563;Sunglasses:0.541;Notebook + pen:0.328;Medications:0.316;Rain jacket:0.299;Guidebook / downloaded maps:0.297;Snacks for transit:0.230,Miami,Summer,Rainy
798,2;3;10;82;87;88,Travel pillow;Guidebook / downloaded maps;Travel pillow;Ski gloves / mittens;Beanie / winter hat;Snow boots,78;80;87;88,Ski jacket;Thermal base layers (top & bottom);Beanie / winter hat;Snow boots,80:0.668;87:0.662;88:0.656;78:0.563;82:0.425;8:0.368;1:0.357;4:0.323;9:0.245;3:0.221,Thermal base layers (top & bottom):0.668;Beanie / winter hat:0.662;Snow boots:0.656;Ski jacket:0.563;Ski gloves / mittens:0.425;Umbrella:0.368;Medications:0.357;Notebook + pen:0.323;Rain jacket:0.245;Guidebook / downloaded maps:0.221,Lake Tahoe,Summer,Cold
744,8;9;69;72,Umbrella;Rain jacket;Headlamp / flashlight;Bug spray / insect repellent,63;69;72,Quick-dry pants / shorts;Headlamp / flashlight;Bug spray / insect repellent,63:0.612;69:0.569;72:0.534;9:0.341;8:0.328;5:0.324;1:0.275;4:0.200;2:0.184;10:0.180,Quick-dry pants / shorts:0.612;Headlamp / flashlight:0.569;Bug spray / insect repellent:0.534;Rain jacket:0.341;Umbrella:0.328;Reusable shopping bag:0.324;Medications:0.275;Notebook + pen:0.200;Travel pillow:0.184;Travel pillow:0.180,Yellowstone,Summer,Cold
513,2;4;10;45;47;49,Travel pillow;Notebook + pen;Travel pillow;Swimsuits;Beach towel;Sunscreen,45;46;47;48;49,Swimsuits;Flip-flops;Beach towel;Sunglasses;Sunscreen,48:0.726;46:0.715;47:0.711;49:0.675;45:0.576;10:0.416;2:0.412;9:0.334;6:0.312;5:0.277,Sunglasses:0.726;Flip-flops:0.715;Beach towel:0.711;Sunscreen:0.675;Swimsuits:0.576;Travel pillow:0.416;Travel pillow:0.412;Rain jacket:0.334;Snacks for transit:0.312;Reusable shopping bag:0.277,Outer Banks,Summer,Dry
670,2;4;10;63;72,Travel pillow;Notebook + pen;Travel pillow;Quick-dry pants / shorts;Bug spray / insect repellent,69;72,Headlamp / flashlight;Bug spray / insect repellent,72:0.583;69:0.555;63:0.497;1:0.337;4:0.331;3:0.311;9:0.308;6:0.232;8:0.223;2:0.211,Bug spray / insect repellent:0.583;Headlamp / flashlight:0.555;Quick-dry pants / shorts:0.497;Medications:0.337;Notebook + pen:0.331;Guidebook / downloaded maps:0.311;Rain jacket:0.308;Snacks for transit:0.232;Umbrella:0.223;Travel pillow:0.211,Yellowstone,Winter,Sunny
